0,0,0977554095
0,2099268,0,0975217297
0,4199285,0,0975966571
0,629954,0,0977067067
0,8399415,0,097547486
1,0499428,0,0982119982
1,2598626,0,100332443
1,4799067,0,0988624615
1,6798487,0,0976907846
1,8898765,0,0974992515
2,0999092,0,0974819246
2,3098521,0,0978144148
2,5198383,0,100229418
2,729824,0,100945911
2,9398133,0,0986877871
3,1498449,0,0977460436
3,3597873,0,0976547258
3,5697746,0,0980490312
3,7797618,0,0978809129
3,989747,0,0975072126
4,1998056,0,0975587251
4,4097223,0,0993499578
4,6197095,0,0994169241
4,8296974,0,0975905693
5,0396841,0,0975067443
5,2497398,0,0974903539
5,4596568,0,0994361243
5,6796456,0,106457756
5,879633,0,112468805
6,0896201,0,100116559
6,2996764,0,0975048711
6,5095944,0,0974945686
6,7195815,0,097501593
6,9295684,0,0975184517
7,1395552,0,0975114272
7,3496199,0,0980986706
7,5595292,0,100152149
7,7695168,0,0982546132
7,9795038,0,0975090858
8,1894907,0,0974852027
8,3995494,0,0978331467
8,6094654,0,100266882
8,8194528,0,101091551
9,0294396,0,097569496
9,239427,0,0975011247
9,4495037,0,0975020613
9,6594022,0,104846818
9,8793856,0,130706129
10,0893746,0,120701919
10,2893624,0,101505993
10,4993923,0,0976757992
10,7093367,0,097556852
10,9193246,0,0975479543
11,1293111,0,0975432714
11,3392993,0,0988118856
11,5493573,0,101099512
11,7592722,0,100258452
11,9692603,0,0978350199
12,1792472,0,0975207932
12,3892342,0,0975306274
12,5993007,0,0975399933
12,8092085,0,0976720528
13,0191969,0,0980059479
13,2291821,0,0981820273
13,4391696,0,1001381
13,6493049,0,0982878622
13,8591442,0,0975198566
14,0691317,0,0974926954
14,2891183,0,0978640542
14,489105,0,100980565
14,6991554,0,0994131778
14,9090792,0,0975151736
15,119065,0,0974837978
15,3290534,0,0974852027
15,5390408,0,0974795831
15,7490328,0,0975278176
15,9590149,0,0975236029
16,1690023,0,0975493592
16,3789899,0,0993616652
16,5889769,0,0997470729
16,799046,0,0976327159
17,0089515,0,0974800514
17,2189384,0,0974931637
17,4289251,0,0987510071
17,6389122,0,101047531
17,8489762,0,100190081
18,0588866,0,0978317418
18,2688735,0,0975320323
18,4788607,0,0974894173
18,7088463,0,097493632
18,8988772,0,0974861392
19,108822,0,0979928356
19,3188098,0,100115154
19,5287958,0,0984798636
19,7387832,0,0975666862
19,9488978,0,0975053394
20,1587577,0,0974749001
20,3687451,0,0977928732
20,578732,0,100689285
20,7887199,0,10224356
20,9988356,0,110698178
21,2086941,0,110006504
21,4192975,0,0993761824
21,6292838,0,0975413982
21,8392717,0,0975114272
22,0493287,0,0975634081
22,2592436,0,0976299062
22,4692322,0,0993227966
22,6792218,0,099758312
22,8892065,0,0975100223
23,1091939,0,0975006564
23,3091807,0,0975034662
23,5191693,0,0993967874
23,7291553,0,101895615
23,9391452,0,09814831
24,1491931,0,0975039345
24,3591201,0,0975048711
24,5691043,0,0974973783
24,7790917,0,0976074279
24,9890779,0,106437151
25,1991095,0,112949277
25,4090523,0,101097171
25,6190402,0,0984784587
25,8290263,0,0975591934
26,0390145,0,0974992515
26,2490623,0,097753068
26,4589895,0,100084714
26,6689752,0,100973072
26,8789623,0,0988329589
27,1089483,0,100535684
27,308937,0,352534723
27,5089243,0,831078097
27,7189104,0,452931323
27,9288984,0,276073206
28,1388854,0,258334617
28,3490564,0,232783444
28,5588611,0,254217826
28,768847,0,2404251
28,9788335,0,228500408
29,1888207,0,193260657
29,398878,0,135102493
29,6087949,0,108431156
29,8187821,0,102879037
30,0287694,0,102285706
30,2387572,0,102335346
30,4488247,0,102205159
30,6587304,0,102203754
30,8687178,0,102247306
31,0787064,0,10227915
31,288692,0,104982155
31,5086795,0,103170786
31,7186659,0,102207501
31,9186521,0,102228574
32,1286405,0,102485669
32,3386277,0,104902545
32,5486888,0,105944972
32,7586019,0,10374679
32,968589,0,10223513
33,1785762,0,10227915
33,3885634,0,10221312
33,5986149,0,102170974
33,8085377,0,102231384
34,0185254,0,102230447
34,2285119,0,102212652
34,4384993,0,103669989
34,6486332,0,104382736
34,8584738,0,10245242
35,0684605,0,102232789
35,2784484,0,102201413
35,488435,0,103230728
35,7084212,0,107521257
35,9184083,0,103112249
36,1283615,0,102343775
36,328383,0,102261823
36,5383498,0,102194857
36,7484385,0,10219673
36,9583447,0,102170974
37,1683322,0,102599465
37,3783181,0,10484354
37,5883061,0,103182962
37,7983406,0,102219208
38,0082803,0,102282896
38,2182682,0,102233725
38,4282555,0,102581669
38,6382424,0,105598901
38,8482901,0,104871637
39,058216,0,112671109
39,2682035,0,113642824
39,4781913,0,10291135
39,6881785,0,102222018
39,8982326,0,102204691
40,1180979,0,102225764
40,3381379,0,103663902
40,5381259,0,10437618
40,738114,0,10243041
40,9481418,0,102270721
41,1580904,0,10343912
41,3680756,0,106362224
41,5780602,0,105560501
41,7880489,0,10268329
41,9980791,0,102156925
42,2081828,0,103003604
42,4180116,0,119221167
42,627998,0,129449223
42,837984,0,10705858
43,0480953,0,102818627
43,2580523,0,105728619
43,4679457,0,103615199
43,6779334,0,102192515
43,8879208,0,102185491
44,0979814,0,102177998
44,3078926,0,10232317
44,5278822,0,105874728
44,7378689,0,103822186
44,9480235,0,102228574
45,1478409,0,102198603
45,3579182,0,102166291
45,567763,0,102151305
45,7778056,0,102176593
45,9877916,0,102164886
46,1978267,0,103642828
46,407766,0,104476864
46,6177585,0,102372341
46,8277404,0,102163949
47,0377274,0,102193452
47,2477639,0,102181276
47,4577029,0,103527159
47,6676882,0,10597307
47,8776757,0,102842042
48,0876632,0,102191579
48,2976966,0,102191579
48,5076372,0,102175188
48,7176244,0,102104476
48,9376111,0,102101197
49,1375985,0,102458039
49,3575853,0,104631401
49,5675732,0,103289265
49,7775595,0,102500186
49,9875467,0,10232317
50,197703,0,102324575
50,4075209,0,104485293
50,6175089,0,106096232
50,8274737,0,104048373
51,0374823,0,102204691
51,2475418,0,102130232
51,4574564,0,102137256
51,6674444,0,102182681
51,877431,0,102606489
52,087418,0,10316142
52,2975932,0,104328882
52,5073923,0,104691812
52,7173454,0,102443522
52,9273672,0,107191108
53,1573524,0,105036009
53,3573404,0,103489227
53,5673273,0,106083588
53,7772942,0,102901516
53,9873016,0,102176125
54,1973397,0,102162076
54,4072741,0,102121334
54,617263,0,102153647
54,8272499,0,102177998
55,037238,0,102167696
55,2472973,0,102519854
55,4572125,0,104628123
55,6671987,0,103287392
55,8771845,0,102176125
56,0871728,0,102256672
56,2972073,0,102387795
56,5071475,0,10458785
56,7171346,0,106573894
56,927122,0,104518074
57,1371088,0,102164886
57,3570452,0,103806732
57,5670824,0,130349288
57,7770361,0,105976348
57,9870571,0,102209374
58,1970857,0,103528564
58,4070308,0,105631214
58,6170178,0,104494191
58,8270051,0,102750724
59,0369922,0,102337687
59,2470576,0,103196074
59,457198,0,106093422
59,6669537,0,105229884
59,8769405,0,102668772
60,0869279,0,102150369
60,2969763,0,102182681
60,507028,0,102177998
60,7168894,0,102135383
60,9268765,0,102135383
61,1368639,0,104642172
61,3568503,0,103286923
61,5668379,0,102182681
61,7668251,0,102161608
61,9768125,0,102118524
62,1867987,0,102313804
62,3968616,0,105301065
62,6067737,0,104848691
62,8167613,0,102275404
63,026746,0,102208906
63,2367352,0,10211431
63,4468098,0,102073568
63,6567094,0,102122739
63,8666961,0,102141003
64,0766834,0,102247306
64,2866701,0,103607706
64,496775,0,104577547
64,7066451,0,102482859
64,9166315,0,102234662
65,1266194,0,102220145
65,3366069,0,138573036
65,5466712,0,465353814
65,7565805,0,163940168
65,966568,0,098181559
66,1765557,0,0968633054
66,3865421,0,0953366601
66,5966019,0,0947053969
66,8065165,0,0947138262
67,016504,0,0947765779
67,2264912,0,0955698715
67,4364802,0,0973695335
67,6465375,0,0960096016
67,8564535,0,0951343561
68,0664401,0,0949470377
68,2764296,0,0948252807
68,4863614,0,0968796958
68,6966823,0,0983993167
68,9063346,0,0965584446
69,1163215,0,0949774769
69,3263142,0,0948964617
69,5362984,0,0946356208
69,7464157,0,0946243817
69,9563252,0,0946609088
70,1763088,0,0960451921
70,3862989,0,0973999728
70,5862846,0,0949812233
70,796347,0,0946300012
71,0062592,0,0946417086
71,2162444,0,0946459233
71,4261879,0,0957014627
71,6362204,0,0985758643
71,8462696,0,0955647203
72,0561975,0,0946623136
72,266182,0,0946562258
72,4761688,0,0946665283
72,6861545,0,0946674649
72,8962167,0,0946735528
73,1061302,0,094653416
73,3161181,0,0948800713
73,5261049,0,0969049838
73,7360917,0,0958597468
73,9461644,0,0946267231
74,156143,0,0947255336
74,366054,0,0986690552
74,5860397,0,0968862519
74,7860282,0,0947255336
74,9961508,0,0946332793
75,2060018,0,094628128
75,4159888,0,0946449867
75,6259765,0,0946520111
75,8359633,0,0946684015
76,0459978,0,0958447613
76,2561158,0,0969925551
76,4659244,0,0949451645
76,6759117,0,0986470453
76,8858997,0,109482949
77,0959787,0,0983482724
77,3058736,0,0953689725
77,5158599,0,0978261222
77,7258482,0,0978893422
77,9358345,0,0953488358
78,1458974,0,0946318744
78,3558805,0,0946323427
78,5657961,0,0946566941
78,7958299,0,0946520111
78,9958405,0,0948725786
79,1958294,0,0970267407
79,4057446,0,0960288017
79,6157298,0,0947016505
79,8257188,0,0946623136
80,0357057,0,0946646551
80,2457636,0,10095434
80,4556807,0,130212077
80,6656673,0,123914431
80,8756526,0,0996927506
81,0856414,0,0947363044
81,2957002,0,0947199141
81,5060602,0,0947091433
81,7160467,0,094703992
81,9259929,0,0947133579
82,1360216,0,0946974359
82,3461129,0,0957567217
82,5559957,0,0971255512
82,7659836,0,0950383554
82,9759704,0,0946890065
83,2059201,0,0955071198
83,405944,0,0985014052
83,6059321,0,0981881151
83,8159193,0,0954083094
84,025907,0,0946819821
84,2358928,0,0946590356
84,4459575,0,0946684015
84,6558667,0,0946641868
84,8658549,0,0946857285
85,0758419,0,0948753884
85,2858287,0,0968876568
85,4959466,0,0959679232
85,7058027,0,0946861967
85,9157899,0,0946801089
86,1257778,0,0946440501
86,3357637,0,0947236604
86,5458799,0,0965059955
86,7557395,0,0982091884
86,9657251,0,0966797333
87,1757132,0,094767212
87,3856996,0,0946520111
87,605685,0,0949086374
87,8156742,0,103673268
88,0156624,0,106119178
88,2256488,0,09649101
88,4356365,0,0970763801
88,645696,0,0950336725
88,8556079,0,0948149782
89,06558,0,0950491262
89,2755845,0,0947147628
89,4855713,0,0954916661
89,6956413,0,0985964693
89,9055458,0,0946571624
90,1155313,0,0946557575
90,3255206,0,0946529477
90,5355074,0,0946431135
90,7354946,0,0946463916
90,9455224,0,0946403037
91,155469,0,094817788
91,3654562,0,0967766706
91,5654438,0,0961355732
91,7754313,0,0952823377
91,9854181,0,095089868
92,2053542,0,0964624439
92,4053921,0,0982283886
92,6253789,0,0967359289
92,8253675,0,0947597192
93,0353547,0,0946435818
93,2454129,0,094640772
93,4553288,0,0946552892
93,6653148,0,0946847919
93,8753029,0,0946815138
94,0852727,0,0957127018
94,2953623,0,0971719125
94,5052634,0,0950467848
94,7152515,0,094699309
94,9252379,0,0946552892
95,1352253,0,0946908797
95,3454194,0,102501591
95,5551991,0,118336087
95,7651866,0,113477515
95,9751743,0,0975011247
96,1851618,0,0946932212
96,3951984,0,094678704
96,6052583,0,0946758942
96,8151224,0,0946871333
97,0351093,0,0948608712
97,2451457,0,0969396377
97,4451747,0,0962367252
97,6550174,0,0947058652
97,8650583,0,0946768308
98,0750451,0,0947208507
98,2850332,0,096445117
98,4951078,0,0985257566
98,7050062,0,195801631
98,9149938,0,473844022
99,1249805,0,280434916
99,3349664,0,115992265
99,5450402,0,0952556448
99,7549423,0,094795778
99,9649296,0,0947714266
100,1749168,0,0947405191
100,3849036,0,095714575
100,5949638,0,0975151736
100,8048775,0,0954054996
101,0148651,0,0949695159
101,2348002,0,0958442931
101,4348398,0,098240096
101,6449186,0,0981450319
101,8548137,0,0956541648
102,0648008,0,095346026
102,2747879,0,0950528726
102,4847754,0,0950008917
102,6948239,0,0951001705
102,904749,0,0953633529
103,1147369,0,0953488358
103,3247239,0,0968988959
103,5347104,0,096612767
103,744682,0,0950800338
103,9546845,0,0950355457
104,1646726,0,0949868429
104,3746593,0,0952523668
104,5846464,0,097451017
104,7947071,0,0959623037
105,00462,0,0955581641
105,2146085,0,0957407996
105,4245947,0,0954996271
105,634586,0,0946744893
105,8645472,0,0946623136
106,0645553,0,0955253834
106,2645415,0,0971545856
106,4745304,0,0951385708
106,6845009,0,0948786665
106,8945869,0,0952228641
107,1044918,0,0959295229
107,314479,0,0981665735
107,5244661,0,0980911778
107,7344551,0,0960929583
107,9445587,0,0950463165
108,1544302,0,0946927529
108,3644147,0,0951395074
108,5744022,0,0957496972
108,7843887,0,0949840331
108,9944508,0,0948552516
109,2043637,0,0951999176
109,414351,0,0969611793
109,6243374,0,0965579763
109,8343253,0,105181649
110,0443978,0,109356978
110,2542987,0,0967481046
110,484285,0,0982213641
110,6742737,0,096897491
110,8842601,0,0949629598
111,0943366,0,096067202
111,3042352,0,09693074
111,5142227,0,0949667061
111,7242085,0,0947316215
111,9341959,0,094741924
112,1442472,0,0957670242
112,3544109,0,0976851651
112,5641574,0,0952636059
112,7741445,0,0947194458
112,9841316,0,0947002456
113,194178,0,0946843236
113,4041065,0,095374592
113,614093,0,0990179358
113,8240801,0,107812069
114,0340676,0,110987116
114,2441335,0,10979062
114,4540421,0,113470959
114,6640286,0,0958199417
114,8840167,0,095018687
115,0840031,0,0949030179
115,2940696,0,0967499777
115,5039782,0,0964099948
115,7139647,0,0949236229
115,9239515,0,0950584922
116,1339386,0,094821066
116,3440042,0,096402502
116,5539137,0,0985173273
116,7638601,0,0971189951
116,973887,0,09489693
117,1838729,0,0947185092
117,3939561,0,0948074854
117,6038484,0,0948444808
117,8138365,0,0947100799
118,0238234,0,0948482272
118,23381,0,0950552141
118,4438855,0,0955122711
118,6537826,0,0973648505
118,8637709,0,0954434316
119,1037575,0,0947344312
119,3037445,0,0978771665
119,5037322,0,098412429
119,7137194,0,0957379898
119,9237072,0,0947185092
120,1336942,0,0947100799
120,3437338,0,0947011822
120,5536678,0,0953183965
120,7636549,0,110187735
120,9736423,0,132583528
121,183629,0,14092716
121,3938277,0,106207218
121,6036046,0,0949648329
121,8135906,0,0952823377
122,0235777,0,0950865899
122,2335649,0,0949217497
122,4435955,0,0968988959
122,6535043,0,0981216171
122,8635268,0,0954054996
123,073514,0,0951830589
123,2835006,0,0950865899
123,5134861,0,0947423923
123,7134744,0,0947203824
123,9134619,0,0947185092
124,1234489,0,0956082718
124,333437,0,0985838253
124,5434665,0,0966830114
124,7534108,0,0956274719
124,9633978,0,0949306473
125,1733854,0,095262201
125,3833722,0,0978190978
125,5935511,0,0986606259
125,8033443,0,0958700493
126,0133333,0,0946918163
126,2233216,0,0946716796
126,4333087,0,0948777299
126,6434959,0,0951554295
126,853282,0,0947864121
127,0632699,0,0947910951
127,2732566,0,0950744142
127,4832453,0,0966881627
127,6932411,0,0964896051
127,9032181,0,0948753884
128,123205,0,0947583144
128,3231927,0,0961440026
128,5331791,0,0981932664
128,7432378,0,0971054145
128,9531533,0,0950032332
129,1631408,0,0948477589
129,373128,0,0947447338
129,5831152,0,0946979042
129,7931458,0,0947194458
130,0030889,0,0946946261
130,2130758,0,0956312183
130,4230647,0,098059802
130,6330502,0,0954434316
130,843017,0,0946721479
131,0531198,0,0946847919
131,2630121,0,0946674649
131,472999,0,0952753133
131,6829858,0,0987795731
131,8929732,0,0975278176
132,1031557,0,107237001
132,3129474,0,095006043
132,5429332,0,0952837426
132,7429207,0,0950613019
132,9429095,0,0948753884
133,1529885,0,0948449491
133,3628833,0,0966745821
133,5728701,0,0970496873
133,7828586,0,0952444057
133,9928449,0,0947025871
134,2029118,0,0946955627
134,412768,0,0960962364
134,6228061,0,09716161
134,8327928,0,0950552141
135,0427804,0,0947428606
135,2529441,0,151294768
135,4627526,0,508660434
135,6727415,0,362068763
135,8827296,0,125892982
136,0927164,0,0966497624
136,3028349,0,0961908322
136,5126903,0,0981590808
136,722677,0,0954968173
136,9527059,0,0955853253
137,1526918,0,0963341308
137,3527352,0,0985782058
137,562626,0,0992408448
137,7726138,0,0974280705
137,9826007,0,0958344588
138,1925857,0,0954340657
138,4027102,0,0953024744
138,6125615,0,0953446211
138,8225487,0,0952762499
139,0325358,0,0952486204
139,2425233,0,0971634832
139,4526021,0,0972932012
139,6624969,0,0960681386
139,8724849,0,0960985778
140,0824719,0,0956241939
140,2924594,0,0955740862
140,5026278,0,097250118
140,712433,0,0988591835
140,9224204,0,0957267507
141,1324073,0,0954279778
141,3623929,0,0952809328
141,5623815,0,0952411276
141,7623681,0,0953493041
141,9723551,0,0953577334
142,1823429,0,0962367252
142,3923308,0,09808509
142,6024817,0,0960943632
142,8123037,0,0956363696
143,0222916,0,0954972856
143,2322792,0,0956012474
143,4422657,0,0979609915
143,6523965,0,0987369582
143,8622402,0,0965486104
144,0722276,0,0953244844
144,2822143,0,0952013225
144,4922022,0,0952659473
144,7023673,0,0954588853
144,9121758,0,0954200168
145,1221608,0,0952893621
145,3321498,0,0971026047
145,552131,0,0958691127
145,7721234,0,0955160175
145,9721108,0,0955155492
146,1721025,0,0952462789
146,3820858,0,0964160826
146,5920741,0,0986503234
146,8021431,0,102798959
147,0120512,0,111086863
147,2220344,0,0984723709
147,4319871,0,0952996647
147,6420092,0,095383958
147,8520709,0,103383392
148,0619826,0,114696958
148,2719719,0,0990689801
148,4819054,0,0977661803
148,6919464,0,0960456604
148,9020044,0,09542189
149,1119185,0,0955235102
149,3219054,0,0954392169
149,531894,0,0988460712
149,7418794,0,0971367903
149,9519503,0,0952926402
150,1618543,0,101871264
150,3718423,0,109858054
150,5918275,0,11125826
150,7918156,0,123953299
151,0020234,0,100900018
151,2117911,0,0969302717
151,4217769,0,0971957956
151,6317638,0,0953244844
151,841751,0,0953235478
152,0517894,0,0953600749
152,2617258,0,0963940727
152,4717129,0,0986231622
152,6816991,0,0978631176
152,8916871,0,0957262824
153,1017252,0,0956836675
153,3116611,0,0952982598
153,5216483,0,0950903363
153,7316355,0,0952303568
153,9416224,0,0953708457
154,1516834,0,0958691127
154,3615966,0,0978799763
154,5815441,0,095651355
154,8017331,0,0953614798
155,0016002,0,0953183965
155,2016209,0,0956190426
155,4115324,0,0979801916
155,6215199,0,0988610566
155,8315068,0,0966656844
156,0414931,0,0958981471
156,2515436,0,0972824304
156,4614685,0,0968258417
156,6714551,0,0951868053
156,8814432,0,095379275
157,0914301,0,0960081967
157,3014971,0,0971152487
157,5114016,0,0973559529
157,721391,0,0965603178
157,9313778,0,0966492941
158,1413653,0,0957328386
158,3514325,0,096272784
158,5613404,0,0977127946
158,771327,0,0994422121
158,9813142,0,0957679608
159,1913007,0,0952612644
159,4112874,0,0951928931
159,6212745,0,0951938297
159,8212626,0,0952729718
160,0312495,0,0953605432
160,2412364,0,0959491914
160,4513038,0,0978294003
160,6612108,0,0960620507
160,8711981,0,0951203073
161,0811851,0,0951886785
161,2911719,0,0954410901
161,5012304,0,0977067067
161,7111464,0,0994876369
161,9211334,0,108980936
162,1311215,0,106955087
162,3411073,0,0958082342
162,5511459,0,0952439374
162,7610823,0,095257518
162,9710358,0,0952387862
163,1810564,0,0961280805
163,3910434,0,0977755462
163,6010795,0,0953624163
163,8210173,0,0951811857
164,0310042,0,0952729718
164,2309926,0,0977048335
164,4409797,0,102557786
164,6511572,0,0987954952
164,8609535,0,0956265354
165,0709417,0,0955338127
165,2809286,0,105542237
165,490915,0,119644038
165,7009859,0,110343677
165,91089,0,0962966671
166,1208759,0,0955946912
166,3308643,0,0976425501
166,5408506,0,096008665
166,7509111,0,0951399757
166,9608251,0,0952298885
167,170813,0,095429851
167,3807991,0,095727219
167,5907871,0,0988151636
167,8008339,0,0974557
168,0107607,0,0954293827
168,2407474,0,095262201
168,4407353,0,09615571
168,640722,0,247346517
168,8507771,0,595440856
169,0606965,0,315320635
169,2706844,0,139131713
169,4806711,0,108595996
169,6906583,0,10527765
169,9007222,0,105287953
170,1106323,0,105261728
170,3206193,0,106172096
170,530606,0,108093515
170,7405939,0,107405119
170,9506545,0,105394724
171,1605676,0,105144654
171,3705553,0,104869296
171,5805425,0,104873979
171,7905288,0,104987306
172,0005906,0,104644514
172,2105035,0,105816659
172,4304362,0,107034229
172,6505515,0,104727402
172,8404647,0,10492596
173,0505405,0,105044439
173,260439,0,105117493
173,4704259,0,106844569
173,6804129,0,108270531
173,8904004,0,106675046
174,1004663,0,105108595
174,3103746,0,105203659
174,5203617,0,105201318
174,7303492,0,10517322
174,9403359,0,10515402
175,1503963,0,1051484
175,3603087,0,10661885
175,5702973,0,107244025
175,7802857,0,105206001
175,9902722,0,104982155
176,2003425,0,105204596
176,4102458,0,106192232
176,6201962,0,108513108
176,8302182,0,108684973
177,0602066,0,105169005
177,2601939,0,104866486
177,4601817,0,105136693
177,6701695,0,106703143
177,880156,0,105509457
178,0901415,0,105105317
178,3002121,0,105573613
178,5101169,0,10798487
178,7201047,0,107985338
178,9300914,0,106010065
179,1400786,0,104553664
179,3501486,0,107505803
179,5600529,0,109102224
179,7700399,0,116361751
179,9800276,0,116642729
180,1900149,0,105781068
180,4000498,0,104975131
180,6099887,0,105176498
180,8199756,0,105759058
181,0299636,0,280078542
181,23995,0,776618536
181,4500305,0,113742102
181,6599243,0,0955614422
181,8699113,0,0950486579
182,0798992,0,0949306473
182,2898854,0,0962320422
182,4999494,0,0986451721
182,7098603,0,0954111191
182,9198471,0,0946904114
183,1298336,0,0946520111
183,339821,0,0947494167
183,5498872,0,0947882853
183,7597958,0,0947564412
183,9697827,0,094686665
184,179772,0,0950200919
184,3897583,0,097095112
184,5998455,0,0956321549
184,8097318,0,0946056498
185,0197188,0,0945873863
185,2297067,0,0948393296
185,4396965,0,0969504085
185,6497288,0,0981384757
185,8596692,0,0946435818
186,0896533,0,0946300012
186,2896416,0,0946684015
186,4896266,0,0946768308
186,6997195,0,0946744893
186,9096036,0,0946721479
187,1195918,0,0946838553
187,3295769,0,0959257766
187,5395652,0,0968698616
187,7496112,0,0948449491
187,9595395,0,0945925375
188,1695254,0,0945990937
188,3795137,0,0954443682
188,5895001,0,0978270588
188,7995548,0,0975109589
189,0094741,0,0950973607
189,2194603,0,0946112694
189,4294487,0,0946295329
189,6394356,0,0946477965
189,8495008,0,0946365574
190,0594105,0,0945962839
190,269397,0,0949254961
190,479386,0,0957239409
190,6994177,0,094711953
190,8994239,0,0946285963
191,1093454,0,0945990937
191,3193322,0,0948238758
191,5293203,0,0977610291
191,7393076,0,0973896702
191,9494825,0,104281584
192,1592811,0,106823027
192,3692682,0,095471061
192,5792557,0,094645455
192,7892426,0,0946623136
192,9992816,0,0946501379
193,2092169,0,094615484
193,4192018,0,0959168789
193,6291917,0,0969096667
193,8391784,0,0949915258
194,0492457,0,0946627819
194,2591534,0,0955174224
194,4691394,0,0979371084
194,6891271,0,0951975761
194,9091134,0,0946079913
195,1091003,0,0946318744
195,3090881,0,0946463916
195,5190758,0,0946257865
195,7290623,0,0948847543
195,9390496,0,10559375
196,1490807,0,111326163
196,3590238,0,0984569171
196,5690108,0,0957932488
196,7789994,0,0946440501
196,9889852,0,0946047132
197,19913,0,0947302166
197,4089592,0,0967106409
197,6189467,0,0981024169
197,8289336,0,0963149306
198,0389208,0,0946637185
198,2490517,0,0945934741
198,4588959,0,0945972205
198,6688819,0,0945916009
198,8788693,0,0947405191
199,0888565,0,0948191928
199,2988922,0,0959295229
199,528829,0,0949203448
199,7288173,0,0946323427
199,9288056,0,094582235
200,1387924,0,0946108011
200,3488541,0,0957773267
200,5587665,0,0985585374
200,7687532,0,129107366
200,9787412,0,605573379
201,1887279,0,838349799
201,398715,0,411237514
201,6087018,0,202478129
201,8186891,0,10664086
202,0286765,0,094972794
202,2386635,0,0954134606
202,4488401,0,0972651035
202,6586377,0,0959604305
202,8686249,0,094787817
203,0786139,0,0947803243
203,2885991,0,0948810079
203,4986716,0,0968534712
203,7185342,0,0965359664
203,9385595,0,0948327734
204,1385472,0,0947620607
204,3385353,0,0947536314
204,5486218,0,0947976512
204,7584742,0,0947910951
204,9684964,0,0947686169
205,1784839,0,0959683915
205,3884352,0,0970286139
205,5985395,0,0950308627
205,8084433,0,0947840706
206,0184328,0,0947564412
206,2284198,0,094733963
206,4384064,0,0954972856
206,6484908,0,0979820648
206,8583803,0,097874825
207,0683664,0,0953488358
207,2783544,0,0947283434
207,488342,0,0947433289
207,6984132,0,0948931836
207,9083164,0,099364475
208,1183033,0,0990282384
208,3483428,0,0971124389
208,5483482,0,0960503433
208,7483445,0,0947920317
208,958252,0,0947789194
209,1682389,0,0950561507
209,3782263,0,0977755462
209,588214,0,0974926954
209,7983475,0,0948875641
210,0081877,0,0948646176
210,2181746,0,0950594288
210,4281619,0,0947999927
210,6381489,0,0947714266
210,8482129,0,0947836023
211,0581235,0,0947775145
211,2681104,0,0959107911
211,4780972,0,0972056299
211,6880851,0,0951338878
211,8981567,0,0947700218
212,1080593,0,0947578461
212,3180464,0,095501032
212,5280336,0,0980270213
212,7580191,0,0954232948
212,9580052,0,0947433289
213,167994,0,0947484801
213,3679817,0,0948154465
213,5779693,0,0948482272
213,7879564,0,0947695535
213,9980308,0,0950739459
214,2079304,0,0972252983
214,4179177,0,0961547734
214,6279045,0,0949465694
214,8378915,0,0949236229
215,0479627,0,0948519736
215,2578663,0,0948786665
215,4678539,0,0968258417
215,6778402,0,100789968
215,8878274,0,103315958
216,0978821,0,112511889
216,3078017,0,111314455
216,5177885,0,124174803
216,727774,0,101003043
216,9377629,0,0948519736
217,1478148,0,0963046281
217,3777346,0,0974004411
217,5777237,0,0951432538
217,7777162,0,0948950568
217,9876793,0,0949779452
218,1977673,0,0947807926
218,407674,0,0958087025
218,61766,0,0992956354
218,8276251,0,0964919466
219,0376342,0,0949240912
219,2476937,0,0947906268
219,4576089,0,0947695535
219,6675971,0,094733963
219,8775833,0,0947231921
220,0875702,0,0947976512
220,2976327,0,0955492665
220,5077733,0,0972932012
220,7175319,0,0962353203
220,9275191,0,0948435442
221,1375064,0,0947644022
221,3475616,0,0948323051
221,5574806,0,0983440577
221,7874659,0,096818349
221,977455,0,0951947663
222,1874418,0,0949896526
222,397502,0,0948145099
222,6074168,0,0952528351
222,8174026,0,0954874514
223,02739,0,094993399
223,2373774,0,0960358262
223,447477,0,0973184892
223,6573517,0,0947896902
223,8673395,0,0947147628
224,0773262,0,0947016505
224,2873128,0,0953600749
224,4973764,0,0979005813
224,7072879,0,0980443482
224,9172744,0,0955487982
225,1272645,0,0998725763
225,3372482,0,229054402
225,5473335,0,382820369
225,7572228,0,218676023
225,9672104,0,110860208
226,1972403,0,100321204
226,3973447,0,0995030906
226,5972578,0,0983234527
226,8071605,0,0981300464
227,0171457,0,0981511197
227,2271332,0,0999554647
227,4371196,0,101637116
227,6471952,0,100024304
227,8570926,0,0982185544
228,0670826,0,098369814
228,2770684,0,0980991389
228,4870562,0,0978350199
228,6971197,0,0978481321
228,9070302,0,0979717623
229,1170168,0,0979577134
229,3270043,0,0989055448
229,5369912,0,100462161
229,7470738,0,0983777751
229,9569661,0,0979043277
230,1669529,0,0979062009
230,3769401,0,0984367804
230,586927,0,101645545
230,8169136,0,0987992416
231,006901,0,097846259
231,216889,0,0978823178
231,4268758,0,0979567768
231,6368628,0,097874825
231,8468983,0,0978429809
232,0568369,0,0981965445
232,2668238,0,100097358
232,4768111,0,0993242015
232,6867987,0,0981647003
232,8968293,0,0978275271
233,1167186,0,0974238559
233,3167601,0,0977689901
233,5267468,0,101330382
233,7367338,0,102210779
233,946805,0,0980078211
234,156708,0,0977043652
234,3666606,0,0977764828
234,5766828,0,0977638388
234,7866701,0,0976322476
234,9969359,0,0977287166
235,2266427,0,098780978
235,426631,0,100369907
235,6266183,0,0982719401
235,8366053,0,0977418289
236,0466716,0,0976851651
236,2565796,0,0983126819
236,4665672,0,100663997
236,6765538,0,102749788
236,8865418,0,113337963
237,0965774,0,105242996
237,3065151,0,0977221605
237,5165005,0,0977184141
237,7264893,0,0981876468
237,9364772,0,0981099097
238,1465381,0,0979853429
238,3564508,0,0999254937
238,5664389,0,099225391
238,7764251,0,0980260847
238,9864126,0,0976355257
239,1964812,0,0974594464
239,4063866,0,101309309
239,6464214,0,0999957381
239,8363607,0,097912757
240,036348,0,100348365
240,246384,0,117870133
240,4563222,0,113147366
240,6663096,0,117629897
240,8762966,0,113610979
241,0862838,0,100885032
241,2963432,0,100241125
241,5062584,0,0984550439
241,7162454,0,0980504361
241,9262323,0,0976814187
242,1362197,0,0981979493
242,3462554,0,100691626
242,5561937,0,100965111
242,7661814,0,0988114173
242,9761677,0,0982279203
243,1861563,0,0982981647
243,3962723,0,0981628271
243,6061308,0,097719819
243,8261166,0,174193043
244,0461503,0,229076412
244,2461365,0,15125309
244,4461605,0,110719719
244,656207,0,104011846
244,8660522,0,103905074
245,0760393,0,104029173
245,2860264,0,105671955
245,4961472,0,107193449
245,7059989,0,10584663
245,9159876,0,103907416
246,1259747,0,104677763
246,3359614,0,105655565
246,5460342,0,103912099
246,7559362,0,103663433
246,9659271,0,103805327
247,1759092,0,104512454
247,3858976,0,10615711
247,5959567,0,104114871
247,8058728,0,103704643
248,0158595,0,103674672
248,2258464,0,10363955
248,4358331,0,107281021
248,6458635,0,105087054
248,8558076,0,103672799
249,0657952,0,103408212
249,2757822,0,10362035
249,4857697,0,103694809
249,6958044,0,103574925
249,905743,0,103646575
250,1157305,0,103745385
250,3257179,0,105598433
250,5357049,0,105185396
250,74577,0,103713541
250,9556786,0,103709326
251,1656669,0,103803454
251,3756534,0,105229884
251,5856407,0,107091361
251,7956757,0,105815254
252,0056165,0,103776293
252,2156017,0,103573052
252,4255888,0,103524349
252,6355758,0,103599745
252,8555613,0,104303126
253,0755486,0,105893459
253,2755371,0,103713073
253,4755247,0,103317831
253,6855118,0,103581482
253,8955858,0,103655941
254,1054871,0,104198696
254,3154739,0,106490069
254,52546,0,108374024
254,7354477,0,118069159
254,9455172,0,111839415
255,1553851,0,103821249
255,365407,0,103744917
255,5753961,0,104076002
255,7853833,0,103896177
255,9954525,0,103610048
256,2053572,0,105636365
256,4153447,0,105723468
256,6253315,0,104182774
256,8353175,0,1037496
257,0453809,0,103489695
257,2552939,0,103859181
257,4652813,0,742013326
257,6852665,0,406806028
257,8852549,0,0948028025
258,0955375,0,0666671034
258,3052288,0,0659637226
258,5152158,0,0657829603
258,7252039,0,0657623553
258,9351902,0,0657436234
259,1452316,0,0657300428
259,3552539,0,0657267648
259,5651501,0,0657323843
259,7751385,0,0657281697
259,9851258,0,0657211452
260,1951992,0,0657211452
260,4051002,0,0657155257
260,6150874,0,0657061597
260,8250741,0,0656991353
261,0350671,0,065686023
261,2451199,0,0656878962
261,4550367,0,0656771254
261,6650238,0,0656677595
261,8750111,0,0656612033
262,0950453,0,0656569886
262,2950529,0,0656438764
262,5049715,0,0656420032
262,7149609,0,0794553338
262,9249455,0,203149666
263,1349355,0,205936496
263,3450226,0,0885346589
263,5549092,0,0671288434
263,7648942,0,0669466762
263,9748835,0,066952764
264,1848684,0,0669579153
264,394953,0,067036589
264,6048427,0,0816389986
264,8148133,0,131759796
265,0248178,0,124011836
265,2348062,0,0825334442
265,4448804,0,0880598067
265,6547788,0,0940891192
265,8647658,0,113691526
266,0747534,0,134321844
266,2847399,0,142725417
266,4947998,0,0989167839
266,7047144,0,0966525722
266,9147015,0,0949423547
267,1246883,0,0949217497
267,334676,0,0956073352
267,5447394,0,111327568
267,7547448,0,0967162604
267,9646386,0,0953324454
268,1746249,0,0968637737
268,3846121,0,0967654315
268,5946823,0,095181654
268,8045856,0,0953647578
269,0145735,0,0954448365
269,2245588,0,0965757716
269,4345476,0,0991504636
269,6445826,0,0987163531
269,8547062,0,100981501
270,0645082,0,111512076
270,274496,0,0982822426
270,4844828,0,0951193707
270,6945537,0,0949442279
270,934455,0,0955942229
271,1244435,0,0974294754
271,3244313,0,0955576958
271,5344188,0,0950495945
271,7444872,0,0952041323
271,9543931,0,0954537341
272,1643797,0,095602184
272,3743675,0,0987716121
272,5843547,0,0968511297
272,7944131,0,0950130674
273,0043289,0,0949381401
273,2143164,0,0949582768
273,4243028,0,0951947663
273,6342899,0,0951961712
273,8444358,0,0949873112
274,0542637,0,0950570873
274,264251,0,0968150709
274,4742381,0,096818349
274,6842255,0,0952734401
274,8942625,0,0954134606
275,1042008,0,0952387862
275,3141873,0,0963500529
275,5241747,0,0973910751
275,7442152,0,0952134982
275,9442383,0,0950289895
276,1541357,0,0949437596
276,3641223,0,0949194082
276,5741097,0,094955467
276,784097,0,095010726
276,9941587,0,0956143597
277,2040709,0,0974669391
277,414059,0,0955623788
277,6240451,0,0949531255
277,8340324,0,0949311156
278,0440417,0,0949236229
278,2540069,0,0952542399
278,4639941,0,0975938473
278,6739811,0,0983548285
278,8839517,0,0962456228
279,0940885,0,0950097894
279,3039424,0,0949315839
279,5139294,0,0949423547
279,7239164,0,0949620232
279,9338611,0,0950350774
280,1538901,0,0971887712
280,3538793,0,0974837978
280,5638649,0,0956176377
280,7738523,0,105226606
280,9838398,0,141911051
281,193905,0,167377462
281,4038134,0,170162887
281,6138011,0,170805389
281,823788,0,172060423
282,0337766,0,171742918
282,2438533,0,1731937
282,4537507,0,173551946
282,6637363,0,174623876
282,8737243,0,174257668
283,0837117,0,148913951
283,2937867,0,10575859
283,5036862,0,0960620507
283,7136729,0,0952725035
283,9236598,0,0952055371
284,1336466,0,095483705
284,3437292,0,0985444885
284,563619,0,0963331942
284,763608,0,0955731496
284,9735949,0,0953549236
285,1835819,0,0951020437
285,3936793,0,0954106508
285,6035561,0,0953029427
285,8135445,0,0952373813
286,0235306,0,111556096
286,2335179,0,160700964
286,4436585,0,178953742
286,6534925,0,389539014
286,8634792,0,935436014
287,0734667,0,610143481
287,2834533,0,169629498
287,493517,0,10000885
287,7034285,0,0982204276
287,9134155,0,0955797057
288,1234019,0,0952383179
288,3333901,0,095216308
288,5434538,0,0951493416
288,7533634,0,0952453423
288,9633506,0,0957286239
289,1733375,0,0978425126
289,3833246,0,0960503433
289,5933941,0,0953530504
289,8032992,0,0951034486
290,0132861,0,0951043852
290,2232393,0,0959665183
290,4332611,0,100155427
290,6434332,0,0979277425
290,8532347,0,0953277624
291,0632227,0,0954696562
291,2732091,0,097148966
291,4831962,0,0965303469
291,6932592,0,0953399381
291,9031706,0,0959520012
292,1131578,0,0956668088
292,3231447,0,0967963391
292,5331327,0,0975413982
292,7432672,0,0957810731
292,9530646,0,0951568343
293,1630938,0,0964512048
293,3931258,0,0997512876
293,5930669,0,107262289
293,7930547,0,141940553
294,0031286,0,125473388
294,2130286,0,0969068569
294,4230169,0,0951662003
294,6330034,0,0951549612
294,8429907,0,0951999176
295,0531377,0,0958232197
295,2629649,0,0978027074
295,472952,0,0961308903
295,6829398,0,095206942
295,892926,0,0951493416
296,103001,0,0950130674
296,3129002,0,0952968549
296,5228882,0,0984166436
296,7328726,0,0991944835
296,9428617,0,096495693
297,1529221,0,0950711362
297,362836,0,0951587075
297,6029058,0,0954209534
297,8028895,0,0952692254
298,0028835,0,0971433465
298,2127845,0,0983847995
298,4227711,0,0968160075
298,6327584,0,0952500253
298,8427461,0,0951563661
299,0528257,0,096290111
299,2627205,0,0988704226
299,4727065,0,0987580315
299,6826945,0,0960821875
299,8926811,0,0951451269
300,1027345,0,0950917412
300,3126547,0,0949915258
300,5226421,0,0949606183
300,7326294,0,0950767557
300,9426166,0,0949695159
301,1526729,0,0955464567
301,3625911,0,0975886961
301,572578,0,0959079813
301,7825663,0,095206942
301,9925538,0,0954729342
302,2125395,0,0977095165
302,4225258,0,0987060506
302,6225146,0,0967691779
302,8325042,0,0953427479
303,0424886,0,0951760345
303,2525535,0,0952753133
303,4624622,0,0952968549
303,6724541,0,095089868
303,882435,0,0950205602
304,0924261,0,0966399282
304,3024806,0,0971808102
304,5123989,0,0954495194
304,7223856,0,101815537
304,9323749,0,110202252
305,1423599,0,0974285388
305,3524208,0,0967204751
305,5623336,0,098839515
305,7723221,0,0955698715
305,9823093,0,0951666686
306,1922962,0,0955708081
306,4023253,0,0951938297
306,632269,0,0954396852
306,8322561,0,095140444
307,0322439,0,0955960961
307,2422308,0,0977980245
307,4523083,0,0962685693
307,6622053,0,0955085247
307,8721922,0,0955047784
308,0821271,0,0955820472
308,2921667,0,0975802668
308,5021684,0,0987945586
308,7121409,0,098735085
308,9221279,0,112857959
309,1320614,0,116409049
309,3420497,0,100285145
309,5521193,0,0951582392
309,7620403,0,095135761
309,9720626,0,0951685418
310,1820507,0,0967836951
310,3920377,0,0972964793
310,6020874,0,0952533033
310,8119611,0,0951146877
311,0219479,0,0952078786
311,2419319,0,0963425601
311,4519562,0,0989495646
311,6519692,0,0979979869
311,8619138,0,0954406218
312,0718822,0,0956930334
312,2818707,0,0953132453
312,4918579,0,0953113721
312,7018852,0,0952017908
312,9118323,0,0956410525
313,1218166,0,0977900634
313,3318063,0,0961107535
313,5417913,0,0951310781
313,7518364,0,107873884
313,9617682,0,489549269
314,1717539,1,04259528
314,381741,0,707859554
314,5917285,0,220672838
314,8017519,0,10717144
315,0117033,0,105426568
315,2216895,0,105262665
315,4416745,0,105045843
315,6516964,0,104883813
315,8516926,0,104766739
316,0616367,0,106335999
316,271625,0,10706701
316,4816104,0,104982624
316,6916182,0,104792027
316,9017351,0,104877725
317,1115749,0,105919684
317,3215616,0,108108032
317,5315484,0,107523598
317,7415368,0,10528046
317,9515719,0,104947501
318,1615285,0,104890369
318,3714969,0,104845881
318,5814841,0,10477189
318,7914709,0,104753158
319,0015274,0,105696307
319,2114458,0,107535306
319,4214322,0,1057806
319,6314192,0,104750349
319,8414064,0,104858993
320,0613932,0,105007443
320,2713804,0,107237938
320,4813655,0,108494376
320,6813556,0,106456351
320,8913455,0,104973258
321,1013988,0,104950779
321,3113165,0,104911911
321,5218236,0,104844476
321,7318114,0,104913784
321,9417984,0,104990585
322,1519042,0,106376273
322,3617903,0,10727306
322,5717614,0,105141844
322,7817479,0,104822935
322,9917532,0,104936262
323,2017716,0,104968575
323,4117105,0,106357541
323,6216933,0,109159825
323,8316846,0,105882689
324,0517154,0,104867891
324,2716747,0,104957804
324,4816449,0,105130605
324,6916286,0,114318575
324,9016822,0,123293002
325,1116043,0,108381048
325,3215895,0,107347987
325,5315796,0,106079841
325,7415657,0,105196167
325,9516503,0,105134351
326,1615382,0,105101102
326,3715254,0,107246367
326,5815329,0,108523879
326,7915016,0,106688626
327,0016302,0,105027112
327,2114755,0,104689002
327,4214635,0,104728339
327,6314682,0,104785471
327,8414367,0,104834642
328,0514746,0,106335063
328,2614092,0,107288982
328,4713985,0,10490395
328,6913856,0,106381892
328,9014105,0,120344141
329,1014179,0,125473857
329,3113486,0,116934945
329,5213344,0,108194198
329,7313194,0,10561014
329,9413091,0,104929238
330,1513276,0,104953121
330,3612843,0,104966233
330,571289,0,104953121
330,781259,0,105033668
330,9912623,0,105224733
331,2013618,0,107228103
331,4112378,0,106103256
331,6212066,0,105034604
331,8312114,0,104943755
332,0412001,0,104888964
332,2512226,0,105191015
332,4611547,0,108079934
332,6711401,0,107436963
332,8811269,0,10490395
333,0911136,0,104890369
333,3012027,0,104921277
333,5110897,0,104722719
333,7210749,0,104745197
333,931082,0,104936262
334,1410513,0,106302282
334,3511002,0,107172376
334,5610238,0,10524206
334,7710126,0,105054741
334,9809983,0,104990585
335,1909871,0,105806356
335,4010266,0,10821855
335,6109611,0,107958645
335,8209682,0,105431719
336,0309338,0,1047747
336,2409235,0,105224264
336,4510407,0,106892335
336,6609147,0,105551603
336,8709021,0,104940477
337,0808899,0,105332441
337,2908592,0,106225481
337,5208443,0,105065512
337,7208306,0,104914252
337,92082,0,10502477
338,130807,0,105104381
338,3407931,0,107986743
338,5509312,0,107994236
338,7607663,0,105966045
338,9707566,0,105485574
339,1807424,0,104959677
339,3907279,0,104883813
339,6008621,0,104984497
339,8107028,0,111809444
340,0206906,0,119487159
340,2306792,0,108173125
340,4406651,0,107174718
340,6507845,0,105081434
340,8606576,0,104990585
341,0706271,0,104952184
341,2806144,0,105654628
341,4906006,0,10817172
341,7007097,0,105101102
341,9305807,0,105040224
342,1305629,0,105009785
342,3305537,0,10493954
342,5405364,0,10504397
342,7507518,0,104827149
342,9605113,0,105209747
343,1704976,0,107452417
343,3804878,0,10625873
343,5904728,0,105089395
343,8005985,0,108235408
344,0105026,0,123124415
344,2204905,0,126856735
344,4304746,0,115551599
344,6404221,0,106840823
344,8505036,0,105153083
345,060397,0,105160108
345,2703999,0,10511281
345,480409,0,105164322
345,6904023,0,105286079
345,9005449,0,105064107
346,1203361,0,107372807
346,3303563,0,105231757
346,5403462,0,104904886
346,740277,0,104885218
346,9503039,0,105027112
347,1602812,0,106149149
347,3702545,0,109334968
347,5802633,0,105984777
347,7902676,0,104887559
348,000345,0,104823871
348,210241,0,10493673
348,4202283,0,10496998
348,6301803,0,105142781
348,8401708,0,105068322
349,0502223,0,105479486
349,2601778,0,107494564
349,4701252,0,106199725
349,6801512,0,104934857
349,8901208,0,104848223
350,1001478,0,105100166
350,3101131,0,107141937
350,5200786,0,108405868
350,7600873,0,105076283
350,9501211,0,104807949
351,1600621,0,104854779
351,3700004,0,104848691
351,5800351,0,104993863
351,7899715,0,104973726
352,0000172,0,105966514
352,2099447,0,10724543
352,4199863,0,105256577
352,6299319,0,104977004
352,83992,0,105023834
353,0500421,0,104916594
353,2599321,0,105455134
353,4698886,0,108198881
353,6799071,0,108175935
353,8898943,0,105733302
354,0999632,0,105048185
354,3098685,0,104971853
354,5198391,0,105027112
354,7298405,0,10489833
354,9398299,0,118456908
355,1598168,0,116786964
355,3697584,0,106816003
355,5697494,0,105243933
355,7797775,0,104998077
355,9897652,0,104822466
356,1998003,0,105121239
356,4096966,0,109420666
356,6197263,0,333935406
356,8296773,0,797446475
357,0397009,0,467470044
357,2497627,0,222556325
357,4596431,0,10457146
357,6696418,0,135130591
357,8796491,0,12176823
358,0895926,0,228410963
358,2996455,0,383343924
358,509611,0,174560188
358,719598,0,104226794
358,9295419,0,170939322
359,1395558,0,220487393
359,3496062,0,132604602
359,5595471,0,217311409
359,7795333,0,1422796
359,9794842,0,183018084
360,1894686,0,185873754
360,3996937,0,155384866
360,6094825,0,24713672
360,819469,0,136934468
361,0294563,0,0974856709
361,2394434,0,0960756313
361,4495269,0,0947662754
361,6594181,0,0947526948
361,8694043,0,0947634656
362,0793474,0,0950561507
362,2893795,0,0968361442
362,49938,0,0983801165
362,7093538,0,0968441053
362,9193444,0,0953240161
363,1293284,0,0952860841
363,3393145,0,0947531631
363,5493883,0,0947508216
363,7592895,0,0947765779
363,9692375,0,094762529
364,1792424,0,0973362845
364,399257,0,0951301415
364,5993109,0,0947391142
364,8092244,0,0947152311
365,0192129,0,0947105481
365,2291571,0,0956326232
365,4391865,0,0987673974
365,6492218,0,0958826933
365,859161,0,0947035237
366,0691518,0,0946969676
366,2791038,0,0947124213
366,489088,0,0947269385
366,6991584,0,0947358361
366,9090966,0,0947311532
367,1190457,0,0949180033
367,3290592,0,0969691403
367,5390574,0,0962343837
367,7490803,0,0953436845
367,9590314,0,105117024
368,1689989,0,106744354
368,3790059,0,0983599798
368,6089914,0,0968501931
368,8089802,0,0948903739
369,0089673,0,0947704901
369,2189136,0,0947611241
369,4289417,0,0947658071
369,6389283,0,0947929683
369,8488981,0,0947887536
370,0588653,0,0957511021
370,2688517,0,0971349172
370,4788238,0,0950650483
370,6888119,0,0947250653
370,8988567,0,0947316215
371,1088383,0,0947203824
371,3188237,0,0952640742
371,5288129,0,109237562
371,7387788,0,107170035
371,9489294,0,0953422796
372,1587782,0,0947517582
372,3687619,0,0947316215
372,5787475,0,0947269385
372,7887358,0,0952181811
372,9988409,0,124129379
373,2187139,0,120111398
373,4186973,0,0970539019
373,628646,0,0948149782
373,8386201,0,0951591758
374,0487498,0,0969110716
374,2586221,0,0984339706
374,4685938,0,0969213741
374,6785984,0,0949250278
374,8886069,0,0947901585
375,0986753,0,094787817
375,3085814,0,0947854755
375,5185691,0,0947836023
375,7285178,0,0947686169
375,9385433,0,0947578461
376,1486723,0,0956972481
376,3584637,0,0972402838
376,5685117,0,0952167763
376,7784924,0,0947953097
376,9884448,0,0947531631
377,1985608,0,0953015378
377,4084563,0,0980490312
377,6383971,0,0956157645
377,8383882,0,0947704901
378,038363,0,0947517582
378,2484193,0,0947452021
378,4583379,0,0947531631
378,6683759,0,0947854755
378,8783225,0,0950678581
379,08835,0,0969579012
379,2983321,0,0962212714
379,5083237,0,0948013976
379,7183112,0,0947896902
379,9282519,0,0947704901
380,1382362,0,0948023342
380,3483008,0,0964465219
380,5582603,0,0983520188
380,7682014,0,0969850624
380,9781891,0,0949339254
381,1881822,0,0958672396
381,3982663,0,0966385233
381,6081965,0,0949919941
381,8181834,0,173090206
382,038169,0,695872578
382,2482783,0,563446865
382,4581439,0,126018953
382,6680783,0,0679169857
382,8781172,0,0663959599
383,0881046,0,0658770878
383,2981387,0,0658321314
383,5080586,0,0658162093
383,7180671,0,0658096532
383,9280121,0,0657979458
384,1380403,0,0657848335
384,3480466,0,0657810871
384,5579614,0,0657768725
384,7680018,0,0657782773
384,9779735,0,0657675065
385,1879581,0,0657539259
385,398099,0,0657422185
385,6079245,0,0657384722
385,81794,0,0657525211
386,0279603,0,0657548625
386,2479788,0,0657454966
386,4579426,0,0657473698
386,657877,0,0657347258
386,867918,0,0657267648
387,0779061,0,077984884
387,2878561,0,290579614
387,4978885,0,391535828
387,707823,0,126760266
387,9178145,0,0739945327
388,1277989,0,0736409692
388,3377844,0,073631135
388,5478822,0,0736053787
388,7578022,0,0736030372
388,9677873,0,082435102
389,1777392,0,128301429
389,3877241,0,113765049
389,5977685,0,0845185514
389,8076851,0,0968698616
390,0176855,0,105743136
390,2276965,0,144127028
390,4376992,0,190639603
390,6477748,0,197756768
390,8676194,0,198010116
391,0676599,0,199504449
391,2776108,0,200403109
391,4875914,0,200675189
391,6976576,0,200818956
391,9075712,0,199333521
392,1175965,0,165972573
392,3275368,0,129102683
392,5375494,0,123713532
392,7476629,0,122077773
392,9575753,0,132445849
393,1675435,0,139097059
393,37755,0,139835562
393,5875371,0,110986648
393,7975945,0,101988338
394,0074665,0,102762432
394,2174985,0,104462815
394,4274601,0,105521164
394,6374726,0,118031695
394,8475243,0,107759151
395,0574939,0,102560128
395,2773935,0,104818252
395,4874205,0,105161044
395,6873667,0,102727309
395,8974398,0,101744824
396,1073622,0,1017954
396,3173537,0,102282428
396,527355,0,102000982
396,7372908,0,101638053
396,9474273,0,101774327
397,1574592,0,103702302
397,3673056,0,103371217
397,577272,0,101757936
397,7872631,0,10196867
397,9972838,0,101953684
398,2073034,0,101749507
398,4172908,0,103979533
398,6272783,0,105042565
398,8372279,0,101910601
399,0473175,0,101650697
399,2572613,0,101683946
399,467276,0,10166896
399,6872241,0,101666619
399,8972634,0,106079841
400,097285,0,127150357
400,307214,0,114347141
400,5171689,0,102354546
400,727199,0,101697526
400,9371844,0,101675048
401,147235,0,104549918
401,3571606,0,10501119
401,5671087,0,102653787
401,7771164,0,101658189
401,9870824,0,101680199
402,1971229,0,101661467
402,4070482,0,101609955
402,6170306,0,10161136
402,8270222,0,101710639
403,0370049,0,103653131
403,2471191,0,103396036
403,457024,0,10173218
403,6669681,0,101653975
403,8770061,0,101658658
404,0869675,0,103392758
404,2970248,0,105259855
404,506926,0,104097544
404,7169156,0,107499715
404,9269028,0,116644133
405,1368941,0,104285799
405,3469763,0,101678326
405,5568541,0,101651633
405,7668723,0,101651165
405,9768787,0,102372809
406,1868646,0,10422773
406,3968588,0,10223513
406,6067867,0,101640862
406,8168258,0,101646014
407,0267674,0,101631028
407,236774,0,102598528
407,4468243,0,109123766
407,6567744,0,105608267
407,8667232,0,101822561
408,0766977,0,101706424
408,2866953,0,108755685
408,496798,0,103323919
408,7166562,0,101653975
408,9166489,0,101766834
409,126633,0,103619882
409,3366182,0,109186518
409,5466757,0,128066344
409,756599,0,132248697
409,9665995,0,108621753
410,1766202,0,103248991
410,3865684,0,105381144
410,5966265,0,104320921
410,8065851,0,101958835
411,0165689,0,101717195
411,2265027,0,101721409
411,4365412,0,101715321
411,6465558,0,101689097
411,856591,0,101681136
412,0664522,0,102342838
412,2764704,0,104264726
412,486443,0,102283833
412,6964642,0,101699399
412,9064551,0,101683477
413,1364393,0,10219111
413,3364262,0,105408305
413,536415,0,103333285
413,7464083,0,101686287
413,9565292,0,101681136
414,1663783,0,101691907
414,3763625,0,101660531
414,5863341,0,101684882
414,7965384,0,101664277
415,0063111,0,101710639
415,216312,0,103510301
415,426245,0,103507491
415,6362533,0,101766834
415,8463265,0,101677858
416,056266,0,10171017
416,2662519,0,10421134
416,4762778,0,10636878
416,686226,0,102183618
416,8962596,0,10166896
417,106239,0,10167458
417,3261844,0,103500935
417,5463018,0,102080124
417,746205,0,102002855
417,946215,0,102308653
418,156164,0,104607518
418,3661187,0,104220706
418,5761473,0,102188301
418,7861363,0,101631496
418,9961963,0,10163056
419,2060713,0,102195793
419,4160975,0,106825837
419,6260432,0,105957616
419,8360195,0,104091456
420,0460609,0,104275028
420,2560453,0,104110656
420,4660349,0,102763836
420,6759828,0,104017934
420,8860081,0,11319045
421,0960591,0,114172935
421,3059298,0,104326072
421,5159687,0,10368638
421,7259565,0,103392758
421,9358917,0,101906386
422,1658899,0,101703614
422,3658779,0,103514983
422,5659049,0,105385826
422,7758715,0,102134447
422,9858791,0,10198225
423,1959216,0,115253762
423,4058075,0,138701349
423,6157893,0,122075432
423,8258262,0,10334827
424,0358138,0,101723283
424,2458071,0,102242623
424,455787,0,104260511
424,6657223,0,102484732
424,8757114,0,101670365
425,0857127,0,101681604
425,2957718,0,101971479
425,5057096,0,104323731
425,7156601,0,105201786
425,925699,0,10297738
426,1356863,0,101679263
426,34569,0,103250396
426,5656589,0,102885125
426,7756468,0,101676921
426,9755809,0,101673175
427,1855825,0,101705019
427,3955876,0,103269596
427,6055602,0,105824152
427,8155368,0,10485431
428,0255716,0,101852064
428,2355569,0,101656316
428,445627,0,10284251
428,6554789,0,10512639
428,8654663,0,104369624
429,0754594,0,101980845
429,2854611,0,101629155
429,4954911,0,101612296
429,705428,0,101626345
429,9154038,0,101643204
430,1253904,0,101617916
430,3354286,0,102093705
430,5454354,0,104096139
430,7553639,0,101635711
430,9753892,0,101623535
431,1853747,0,101824434
431,3953762,0,104076939
431,605298,0,105190079
431,8153015,0,10307338
432,0252864,0,101656316
432,2353124,0,101626814
432,4453451,0,101625409
432,6552482,0,101606208
432,8652724,0,101598716
433,0752101,0,101659594
433,2852216,0,103188113
433,495255,0,103725717
433,7051825,0,108539333
433,9152094,0,116041905
434,1251492,0,103614731
434,3351331,0,101823498
434,5451984,0,103615667
434,7551205,0,105564716
434,9650946,0,101637116
435,1851314,0,101597779
435,3917277,0,102266506
435,5917424,0,10420853
435,8017793,0,10241121
436,0117311,0,101673643
436,2217193,0,102032826
436,4316876,0,104078812
436,6416557,0,102591035
436,851733,0,1021307
437,0616685,0,101964455
437,271602,0,101901235
437,481642,0,104032919
437,6916296,0,10511562
437,9016779,0,103153459
438,1116051,0,102915096
438,3215386,0,115605453
438,531534,0,124666983
438,7415648,0,112661275
438,9516008,0,102155988
439,1615397,0,101761215
439,3714743,0,103860586
439,5814674,0,102084807
439,8114476,0,101956494
440,0114353,0,101650228
440,2114231,0,101626345
440,4214238,0,102613513
440,631449,0,104912847
440,8414372,0,10437056
441,0514537,0,101993021
441,261411,0,101601994
441,4713459,0,101611828
441,6813394,0,10163337
441,8913721,0,101632433
442,1013999,0,101656784
442,3112951,0,102037978
442,521296,0,104066168
442,7312834,0,102544206
442,9412815,0,102227637
443,1513085,0,107146152
443,361231,0,104834174
443,5712327,0,103292543
443,7812573,0,105829303
443,991244,0,102874354
444,21123,0,106627748
444,4211654,0,107578389
444,6211669,0,102967545
444,8311918,0,101704551
445,0411795,0,101633838
445,2512887,0,101640394
445,4611044,0,103751005
445,6710914,0,101816942
445,8810923,0,10164976
446,0911156,0,101582325
446,3011503,0,102584947
446,5110893,0,104940477
446,7210285,0,104423946
446,9310644,0,10202908
447,1410518,0,101609018
447,3510843,0,101587008
447,5609865,0,101587945
447,7709589,0,101550481
447,9809459,0,101569681
448,1909504,0,101975694
448,4109345,0,102542801
448,6309069,0,102644889
448,8309476,0,114990112
449,0408815,0,121769166
449,2509294,0,117256665
449,460908,0,107398095
449,6708487,0,105177903
449,8808835,0,103168913
450,0908704,0,101669897
450,3008918,0,101622131
450,5107909,0,10161417
450,7208316,0,101592628
450,9308184,0,101577174
451,1408061,0,101609487
451,3508372,0,102940384
451,560731,0,103718692
451,7707672,0,10290854
451,9807113,0,103657345
452,1907408,0,10179821
452,4007893,0,101533623
452,610716,0,102877164
452,8307034,0,102293199
453,0406368,0,103316426
453,2507211,0,116090139
453,4507143,0,112038909
453,6606515,0,127279607
453,8706385,0,118548225
454,0806252,0,102195325
454,2906138,0,101978972
454,5006299,0,104048841
454,7105439,0,102712792
454,9205208,0,101629155
455,130508,0,101628218
455,3405054,0,101795868
455,5505563,0,103884469
455,7605232,0,105729088
455,9704724,0,103732741
456,1804632,0,101693312
456,3904834,0,101617916
456,6004752,0,10161136
456,8104214,0,101602462
457,0204464,0,101575301
457,2304132,0,102948813
457,4603801,0,103780039
457,6604051,0,101800551
457,8603589,0,101602462
458,0703293,0,101574833
458,2803269,0,101541115
458,4903046,0,102838764
458,700355,0,105414393
458,9102774,0,102280087
459,1202634,0,101597311
459,3302525,0,101595438
459,540239,0,101572491
459,750279,0,101531749
459,9602271,0,101569681
460,1702509,0,101580921
460,3802019,0,101889059
460,590188,0,102679543
460,8002114,0,101616043
461,0101611,0,101601994
461,2201878,0,101573428
461,4301384,0,101742483
461,6401633,0,104513859
461,850161,0,101672707
462,0600861,0,101613233
462,2701238,0,10158654
462,4901242,0,101574833
462,7002216,0,101576706
462,9101112,0,101573896
463,1201059,0,101548608
463,3300747,0,102803642
463,5400608,0,103875103
463,750099,0,101843635
463,9600377,0,101585135
464,1700187,0,101587008
464,3799967,0,102384048
464,5899781,0,104812164
464,8001053,0,107597121
465,0100094,0,117785839
465,219993,0,106933077
465,4299807,0,101618852
465,6399671,0,101590286
465,85003,0,101561252
466,059895,0,101876884
466,2799291,0,10391444
466,4798732,0,102686099
466,6898495,0,101558442
466,899941,0,10148211
467,1098357,0,101536901
467,3198638,0,101757468
467,529852,0,105023365
467,7398089,0,104579889
467,9500225,0,101692375
468,15976,0,104563498
468,3698005,0,116424034
468,5797455,0,115454661
468,7897208,0,128330463
468,9998406,0,110681319
469,2097492,0,10177058
469,4197357,0,102835954
469,6297229,0,103918186
469,8397109,0,101895615
470,0497866,0,101629623
470,2596431,0,101813664
470,4796177,0,104919404
470,699671,0,104578484
470,8996598,0,102146622
471,0997717,0,101619321
471,3096201,0,101956026
471,5195651,0,103549637
471,7295921,0,102246838
471,9395812,0,101716258
472,1496194,0,101657721
472,3595151,0,101932143
472,5695222,0,103910225
472,7794879,0,102805515
472,9895171,0,101657253
473,1995939,0,102240281
473,4094911,0,102148964
473,6194595,0,103683102
473,829443,0,105119834
474,0394549,0,103324855
474,2494503,0,10166896
474,4594278,0,101613233
474,6693768,0,101570618
474,8794034,0,101562189
475,0893482,0,10276571
475,3093774,0,103891025
475,5093275,0,101857215
475,7193522,0,10158935
475,9292835,0,101601526
476,1393262,0,101593096
476,3494002,0,102645826
476,5593004,0,105511798
476,7692851,0,102524069
476,9792429,0,101627282
477,189221,0,101619321
477,3992969,0,101599652
477,609196,0,101615106
477,819221,0,101594033
478,0292085,0,101603867
478,2391955,0,101830522
478,4492266,0,103851688
478,6591334,0,102850471
478,8691409,0,101621194
479,0790918,0,101597311
479,2891305,0,101706424
479,5090642,0,105376461
479,7291048,0,103669989
479,929092,0,101699868
480,1290796,0,101604335
480,3390246,0,101587945
480,5491558,0,101628687
480,7590001,0,101631496
480,9689914,0,101560315
481,1790153,0,10164976
481,3889674,0,102734802
481,5990087,0,10391444
481,8089801,0,101877352
482,0189237,0,101576706
482,228916,0,101569213
482,4388994,0,102280555
482,6489758,0,104731617
482,8589,0,104701178
483,0688994,0,102271657
483,2788703,0,106693778
483,4888744,0,117849528
483,6988823,0,120966038
483,9088477,0,123658273
484,1188336,0,101908259
484,3488603,0,103884001
484,5488727,0,10290573
484,7488372,0,101636648
484,9587842,0,101604335
485,1687707,0,101600121
485,3787109,0,101697058
485,5887464,0,104325604
485,7987701,0,104399127
486,0086744,0,101720941
486,218708,0,101615106
486,428694,0,101596843
486,6386811,0,101586072
486,8487037,0,101587945
487,0586243,0,101591223
487,2685966,0,101587945
487,4785824,0,102628031
487,688617,0,103980938
487,8986651,0,101940104
488,1085903,0,101585135
488,3185783,0,101580921
488,5285336,0,102209842
488,7585507,0,104706797
488,9584975,0,102261823
489,1685258,0,101576706
489,3785129,0,101564998
489,5884637,0,101573428
489,7985564,0,101576706
490,0084736,0,101576706
490,2184613,0,101761683
490,4284157,0,103742107
490,6383849,0,102957243
490,848497,0,101540179
491,0584098,0,101537837
491,268397,0,101804766
491,4783352,0,103568838
491,6883718,0,105110468
491,8984968,0,103569306
492,1083074,0,101675048
492,3182809,0,101556569
492,5282755,0,101549545
492,738307,0,101566872
492,9483627,0,101587477
493,1682811,0,102598996
493,3682639,0,104163105
493,5782392,0,102363443
493,788243,0,101611828
493,9982997,0,101505993
494,2081949,0,1014985
494,4181865,0,102377492
494,6281392,0,107680009
494,8381785,0,117759615
495,0482635,0,10819654
495,2581117,0,101629155
495,4681396,0,101607145
495,6781275,0,10184223
495,8880958,0,101651633
496,0981501,0,101537837
496,3080578,0,101742951
496,5180759,0,103719161
496,7280631,0,103012502
496,9380504,0,101592628
497,1480841,0,101536432
497,3580038,0,103399314
497,5880106,0,105111405
497,7879446,0,103616135
497,9879853,0,101790249
498,1980145,0,108219018
498,4079414,0,114053051
498,6179019,0,109548511
498,8278909,0,118274272
499,0379211,0,104474991
499,2479724,0,10259525
499,4578956,0,104028704
499,6678471,0,101954621
499,8778435,0,101563125
500,0878105,0,101577174
500,2978362,0,101576238
500,5078376,0,102096515
500,7177881,0,104563498
500,9277543,0,104754095
501,1377928,0,102335814
501,3478127,0,101571555
501,5577177,0,101587477
501,7677539,0,10240278
501,9876991,0,101979909
502,1977674,0,101753253
502,3979093,0,103703707
502,6076833,0,103030765
502,8176903,0,101573896
503,0276381,0,101546267
503,2376274,0,101588413
503,4477328,0,101660531
503,657587,0,104051651
503,8676254,0,104620631
504,0776125,0,102040319
504,2875479,0,101934952
504,4976579,0,101565467
504,7075586,0,101545798
504,9175315,0,101598716
505,1275481,0,101645545
505,3375022,0,102458976
505,5475452,0,104012314
505,7574737,0,101969606
505,9674442,0,101542052
506,1774464,0,102118993
506,4075391,0,104552259
506,5975341,0,104770954
506,8074455,0,102409336
507,0174321,0,101610423
507,2273727,0,101565467
507,4374063,0,101576706
507,6474693,0,101572959
507,8573376,0,101593096
508,067333,0,101988338
508,2773542,0,103828742
508,4873189,0,103057926
508,6973388,0,101585135
508,9072638,0,101695653
509,1173034,0,110036944
509,3272594,0,118737885
509,5372575,0,10865266
509,7473447,0,105398939
509,9572525,0,103809073
510,1672393,0,101760746
510,3772261,0,101600121
510,5971869,0,10158373
510,8171718,0,101585603
511,0171674,0,101594033
511,2171537,0,102456634
511,4271246,0,104076002
511,6370965,0,102041724
511,8472077,0,10158935
512,0571234,0,101595438
512,2671116,0,101581389
512,477075,0,102198135
512,6870643,0,105315582
512,897195,0,102949282
513,1070427,0,102005665
513,3170465,0,112052022
513,5270334,0,114437054
513,7370209,0,12295536
513,9470033,0,124097066
514,1571712,0,10318343
514,3669368,0,101782288
514,5769527,0,103870889
514,7869561,0,103436778
514,9970407,0,10167458
515,2069142,0,101626345
515,4168997,0,103204971
515,6268952,0,105117024
515,8368937,0,103832957
516,0469555,0,101796805
516,2568694,0,101616979
516,466808,0,102490352
516,6768195,0,103407275
516,886828,0,101815069
517,0968628,0,101607613
517,3067633,0,102429005
517,516742,0,104072724
517,7267774,0,102057178
517,9367264,0,101694716
518,1468482,0,102073568
518,3566875,0,101714385
518,5667244,0,102237472
518,7767127,0,105284206
518,986697,0,102951623
519,1967672,0,101606677
519,4066478,0,10158935
519,6266606,0,101582794
519,8466468,0,101586072
520,0466933,0,101705487
520,2466671,0,103547764
520,4565595,0,103218084
520,666597,0,101650228
520,8765834,0,101616511
521,086544,0,101910133
521,2968241,0,103476583
521,5065444,0,105136225
521,7165303,0,10386761
521,9264876,0,101771049
522,1365064,0,10161417
522,3466448,0,101607613
522,5564373,0,101589818
522,7664677,0,101587945
522,9764549,0,101591223
523,1864289,0,10161417
523,3964823,0,102298818
523,6064161,0,104100822
523,8163695,0,102121334
524,0263738,0,101583262
524,2563758,0,102016904
524,4563637,0,104484825
524,6563525,0,10651442
524,8663389,0,11628495
525,0762885,0,109925489
525,2863032,0,101837078
525,496344,0,102344711
525,7062436,0,102003792
525,9162748,0,101597779
526,1262612,0,10192184
526,336249,0,103699492
526,5462186,0,103244308
526,7562232,0,101631965
526,966176,0,10156453
527,1761593,0,10156453
527,3861847,0,101599184
527,5962819,0,103784254
527,806196,0,10494516
528,016094,0,101882503
528,2260801,0,102590567
528,4361212,0,114379453
528,6463243,0,128695266
528,8660414,0,11685112
529,0660812,0,102232789
529,2760689,0,102318019
529,4860118,0,104130325
529,6961262,0,102206096
529,9060292,0,101632901
530,1159968,0,101639926
530,325988,0,102039382
530,5359925,0,104490444
530,7460382,0,104985902
530,9561634,0,10261726
531,1659049,0,101620726
531,3759105,0,101605272
531,5859038,0,101607613
531,7959394,0,101645545
532,0058482,0,101643204
532,2158352,0,101730307
532,4258577,0,103534652
532,6358642,0,103287392
532,8458608,0,101682072
533,0557855,0,101597779
533,2858029,0,101626345
533,4858104,0,103067292
533,6857985,0,103972977
533,8958901,0,101803361
534,1057727,0,101599184
534,3157605,0,101577174
534,5257125,0,101577642
534,735681,0,101581389
534,9457101,0,101579516
535,1556542,0,10228477
535,3656424,0,104120959
535,5756422,0,102206564
535,7856696,0,101808981
535,9956716,0,102606489
536,2056443,0,101901703
536,4155786,0,102230916
536,6255725,0,106466654
536,8355654,0,103829678
537,0456189,0,101609487
537,2555861,0,101590755
537,4655671,0,103359977
537,6855543,0,102776012
537,8956216,0,101615106
538,1055114,0,101694248
538,3154611,0,103915377
538,5254541,0,105157298
538,7354438,0,103055585
538,945519,0,101679263
539,1554103,0,101643672
539,3654208,0,103402124
539,5753843,0,105753907
539,7853935,0,110078622
539,9954246,0,117450071
540,2053449,0,10458223
540,415332,0,101648823
540,6253208,0,101600121
540,8353611,0,10158654
541,0453548,0,10158935
541,2553346,0,102223423
541,4653228,0,104117681
541,6852553,0,101608082
541,9052992,0,101601057
542,1052661,0,101600121
542,3052706,0,101891401
542,5152582,0,103893835
542,7251935,0,102593377
542,935232,0,101589818
543,1452138,0,103510301
543,3551637,0,115786215
543,565193,0,121047522
543,7751833,0,125658834
543,985116,0,109037131
544,195149,0,101835205
544,4051089,0,103469559
544,6150772,0,104698836
544,8250799,0,103057926
545,0350709,0,101661467
545,2451219,0,101575769
545,4550753,0,101648355
545,6650129,0,103644701
545,8750516,0,105197571
546,0849908,0,101988806
546,2950671,0,101599652
546,5149615,0,101576706
546,7149987,0,101568745
546,9249452,0,101559847
547,1349747,0,101585135
547,3449681,0,102166291
547,554949,0,104651538
547,7649002,0,104841666
547,9748827,0,102373278
548,1848757,0,101597779
548,394934,0,101894211
548,6048652,0,104244589
548,8148716,0,105012594
549,0248284,0,101799146
549,2348457,0,10167177
549,4449932,0,101615574
549,6548206,0,101613233
549,8647624,0,101576706
550,074771,0,101651633
550,2847534,0,103343587
550,4947716,0,103435841
550,7047567,0,101555164
550,9246974,0,101687692
551,1246762,0,101778541
551,3346837,0,103568838
551,5447733,0,105337124
551,754642,0,10202346
551,9646788,0,10159216
552,174666,0,10158373
552,3846531,0,101582794
552,5947291,0,101571086
552,8045751,0,101562189
553,0146146,0,101577642
553,2245843,0,102134915
553,4345519,0,104072256
553,6446515,0,102291794
553,8545631,0,101579047
554,06455,0,101592628
554,2745009,0,10188344
554,4845241,0,10420853
554,6945558,0,105904699
554,9044668,0,115280455
555,1144423,0,111275587
555,3444717,0,101587008
555,5445102,0,101590755
555,7445827,0,10157015
555,9544159,0,101579984
556,1643807,0,101634775
556,3744093,0,103234474
556,5843958,0,103556662
556,7944602,0,101714385
557,0043699,0,101589818
557,2143585,0,101609018
557,4243239,0,102770393
557,6343329,0,104977941
557,8443705,0,104229603
558,0542878,0,101912942
558,2642929,0,105128732
558,4742812,0,120804476
558,6842672,0,124614065
558,8942633,0,120983834
559,1042408,0,106620723
559,3142281,0,102252925
559,5241862,0,102429941
559,7442031,0,101627282
559,9541549,0,10160574
560,1541785,0,101620726
560,3641642,0,101971479
560,5740998,0,105014936
560,7841054,0,103444271
560,9941986,0,101587008
561,2040611,0,101587477
561,4141005,0,101677858
561,6240873,0,103151117
561,8340741,0,10288372
562,0440856,0,10164695
562,2539984,0,101656784
562,464035,0,103209186
562,6739954,0,103549637
562,8839715,0,101692375
563,0940417,0,10154814
563,3039318,0,101609955
563,5139413,0,102797086
563,7239066,0,105013531
563,9339246,0,101905918
564,153898,0,101591691
564,3639021,0,101605272
564,5739059,0,101605272
564,7738434,0,101599184
564,9838301,0,102098388
565,1938934,0,104074597
565,4038077,0,102381239
565,6138274,0,10161417
565,8237763,0,101604804
566,0337646,0,101610891
566,2438206,0,101836142
566,4537385,0,104079749
566,6637254,0,105067853
566,8737134,0,102959584
567,0836982,0,10163337
567,2937187,0,101612765
567,5037041,0,101960709
567,7136622,0,102133978
567,9237016,0,101807576
568,1336889,0,101635711
568,3437193,0,103172191
568,5636375,0,101749039
568,7736493,0,101610423
568,9736004,0,107053429
569,1836037,0,118568362
569,3937419,0,110678509
569,6035459,0,105873791
569,8135328,0,10211431
570,0235403,0,101620257
570,2335064,0,101610891
570,4435971,0,101585135
570,6534813,0,101570618
570,8634832,0,101606677
571,073509,0,10161417
571,2834538,0,102049685
571,4935011,0,104053524
571,7034183,0,102461786
571,913427,0,101605272
572,1233934,0,101607145
572,3334314,0,101828181
572,5436179,0,104035729
572,7533759,0,105051463
572,9570098,0,102969418
573,1769964,0,109459066
573,3869827,0,136709686
573,5970387,0,121074215
573,7970443,0,102713261
574,0069968,0,10169097
574,2169325,0,103213869
574,4269397,0,103655472
574,6369059,0,101764024
574,847066,0,101609487
575,0568828,0,101607145
575,266878,0,101620726
575,4768702,0,102688909
575,6868945,0,105006975
575,896915,0,104343399
576,1068364,0,101956962
576,3168563,0,10160293
576,5268039,0,101599652
576,7368223,0,101615574
576,9469954,0,101599184
577,1567793,0,101600589
577,3667385,0,102028143
577,5767373,0,102505805
577,7968423,0,101596843
577,9968274,0,101570618
578,2067249,0,101571086
578,4166756,0,101845508
578,6266624,0,104838857
578,8367018,0,101667087
579,0467489,0,101632433
579,2566239,0,101603399
579,4666411,0,101587008
579,6765982,0,101562189
579,8865901,0,101587945
580,096645,0,101659126
580,3066146,0,103041536
580,516599,0,103701365
580,7265521,0,101761215
580,9365239,0,101618384
581,1466318,0,101620257
581,3567377,0,102634118
581,5664954,0,104958272
581,7764695,0,104426288
581,9864704,0,102057646
582,1965129,0,10160293
582,406484,0,10160293
582,6164714,0,101577642
582,8264594,0,101592628
583,0364107,0,102366721
583,2464126,0,106535962
583,4564028,0,103576799
583,6663887,0,102684226
583,8763391,0,114516664
584,0863884,0,110541767
584,2964222,0,102032358
584,5063014,0,103912567
584,7163413,0,105180713
584,9262949,0,103210123
585,1362861,0,101675048
585,3463489,0,10161417
585,5562372,0,101587945
585,7662455,0,10158654
585,9762299,0,101585603
586,1861994,0,101618852
586,3962379,0,103049965
586,6061736,0,10183661
586,8261596,0,101626345
587,0261458,0,10161136
587,2361346,0,10161136
587,4461574,0,10297176
587,6561089,0,105464032
587,8660965,0,102278213
588,0761041,0,101778073
588,2860918,0,109803732
588,4961018,0,117034224
588,7060441,0,126076554
588,916034,0,121616502
589,1260294,0,103146903
589,3360385,0,102037509
589,5462646,0,104156081
589,7560005,0,102732461
589,9659668,0,101657721
590,1759537,0,101655848
590,3859513,0,101813664
590,5960278,0,103946752
590,8059144,0,105224733
591,0159607,0,101665682
591,2460161,0,101627282
591,4459467,0,101619789
591,6459238,0,101629155
591,8558853,0,101630092
592,065888,0,101640394
592,2758541,0,103073849
592,4858626,0,103877445
592,6958879,0,101857215
592,9058152,0,102711387
593,1158242,0,103822186
593,3258115,0,103945816
593,535777,0,110125451
593,7458067,0,106106066
593,9557495,0,103292075
594,1657418,0,10575859
594,3757279,0,102660343
594,5857125,0,101647887
594,7958211,0,101837078
595,005705,0,103383861
595,2156747,0,106420761
595,4256593,0,108431156
595,6556942,0,104689938
595,8556332,0,101821625
596,0556217,0,103495315
596,2656322,0,105003229
596,4756483,0,10525845
596,6855833,0,103402124
596,8956216,0,104588786
597,1055717,0,104456259
597,3155644,0,101797273
597,5255357,0,101648823
597,7355367,0,101939635
597,9456356,0,102021119
598,1555063,0,101590755
598,3654796,0,102807856
598,5755188,0,103791278
598,7854552,0,101786502
598,9954879,0,101590286
599,2054277,0,101621194
599,4154148,0,102478644
599,6254059,0,104970448
599,8454613,0,117392002
600,0653775,0,10653081
600,2653675,0,101619789
600,46535,0,10158654
600,6753447,0,10158654
600,8853249,0,102161608
601,0955976,0,105806825
601,305299,0,10575578
601,5153393,0,102790061
601,7252741,0,101672238
