run,epoch,train_loss,train_duration_s,validation_loss,validation_duration_s,epoch_duration_s,test_loss,test_duration,conv_channels,hidden_layers,learning_rate
0,1,123.0303,2.37,73.9176,1.91,4.28,-1,-1,-1,-1,-1
0,2,60.5936,2.33,63.3932,2.02,4.35,-1,-1,-1,-1,-1
0,3,54.7238,2.26,63.5591,1.93,4.19,-1,-1,-1,-1,-1
0,4,49.8605,2.33,52.5678,1.97,4.30,-1,-1,-1,-1,-1
0,5,44.1287,2.37,35.7367,1.94,4.31,-1,-1,-1,-1,-1
0,6,33.5934,2.27,35.3088,1.95,4.22,-1,-1,-1,-1,-1
0,7,24.7156,2.42,23.9494,1.95,4.37,-1,-1,-1,-1,-1
0,8,16.7687,2.31,20.9968,1.95,4.26,-1,-1,-1,-1,-1
0,9,14.5953,2.27,15.3313,2.04,4.31,-1,-1,-1,-1,-1
0,10,11.6687,2.22,16.7470,1.96,4.18,-1,-1,-1,-1,-1
0,11,10.9696,2.16,16.9868,1.92,4.08,-1,-1,-1,-1,-1
0,12,9.7301,2.27,16.7423,2.02,4.29,-1,-1,-1,-1,-1
0,13,8.7543,2.33,16.4977,1.97,4.30,-1,-1,-1,-1,-1
0,14,8.1595,2.31,16.3304,1.97,4.28,-1,-1,-1,-1,-1
0,15,7.0907,2.27,16.3725,2.04,4.31,-1,-1,-1,-1,-1
0,16,6.1128,2.39,16.4585,2.01,4.40,-1,-1,-1,-1,-1
0,17,5.8527,2.32,18.5194,1.94,4.26,-1,-1,-1,-1,-1
0,18,5.6172,2.32,17.5028,1.92,4.24,-1,-1,-1,-1,-1
0,19,4.8855,2.29,17.1732,1.97,4.25,-1,-1,-1,-1,-1
0,20,4.0147,2.21,16.1874,1.95,4.17,-1,-1,-1,-1,-1
0,-1,4.0147,-1,16.1874,-1,-1,20.7729,2.03,"[16, 32, 64]","[64,8]",0.001
1,1,5.5155,2.35,18.4867,2.02,4.37,-1,-1,-1,-1,-1
1,2,3.3407,2.37,17.2008,2.00,4.37,-1,-1,-1,-1,-1
1,3,2.8742,2.26,17.4322,1.97,4.22,-1,-1,-1,-1,-1
1,4,2.5542,2.37,18.2840,2.05,4.42,-1,-1,-1,-1,-1
1,5,2.4323,2.38,18.0438,2.00,4.38,-1,-1,-1,-1,-1
1,6,2.0215,2.34,19.2545,2.00,4.35,-1,-1,-1,-1,-1
1,7,3.0557,2.35,18.9912,2.04,4.39,-1,-1,-1,-1,-1
1,8,2.1842,2.42,18.4336,2.13,4.55,-1,-1,-1,-1,-1
1,9,1.6112,2.44,18.5829,1.98,4.42,-1,-1,-1,-1,-1
1,10,1.4456,2.26,19.9794,1.96,4.22,-1,-1,-1,-1,-1
1,11,1.4624,2.43,18.4322,1.99,4.42,-1,-1,-1,-1,-1
1,12,1.4958,2.34,19.4999,1.95,4.29,-1,-1,-1,-1,-1
1,13,1.0217,2.38,18.7565,1.99,4.38,-1,-1,-1,-1,-1
1,14,0.8096,2.34,19.9104,1.98,4.32,-1,-1,-1,-1,-1
1,15,0.7260,2.29,19.4688,1.96,4.25,-1,-1,-1,-1,-1
1,16,0.5076,2.35,19.4154,1.93,4.28,-1,-1,-1,-1,-1
1,17,0.5118,2.29,19.8977,2.00,4.29,-1,-1,-1,-1,-1
1,18,0.5353,2.56,20.2363,2.07,4.63,-1,-1,-1,-1,-1
1,19,0.4066,2.43,19.8255,2.11,4.54,-1,-1,-1,-1,-1
1,20,0.4435,2.35,19.6831,1.99,4.34,-1,-1,-1,-1,-1
1,-1,0.4435,-1,19.6831,-1,-1,21.7074,2.38,"[16, 32, 64]","[64,8]",0.001
2,1,77.2852,2.47,57.4913,1.97,4.44,-1,-1,-1,-1
2,2,49.4948,2.29,53.1164,1.98,4.27,-1,-1,-1,-1
2,3,48.0887,2.40,43.0969,1.90,4.30,-1,-1,-1,-1
2,4,38.6976,2.30,31.2249,2.03,4.33,-1,-1,-1,-1
2,5,24.8605,2.28,20.9777,1.97,4.26,-1,-1,-1,-1
2,6,18.1196,2.32,20.0879,1.96,4.28,-1,-1,-1,-1
2,7,13.9234,2.26,18.3481,2.01,4.27,-1,-1,-1,-1
2,8,11.4642,2.37,18.8584,2.00,4.38,-1,-1,-1,-1
2,9,8.8144,2.23,19.0576,1.99,4.21,-1,-1,-1,-1
2,10,8.1076,2.27,19.3256,2.02,4.29,-1,-1,-1,-1
2,11,6.9759,2.25,18.0188,1.94,4.19,-1,-1,-1,-1
2,12,5.5388,2.41,19.7301,1.99,4.39,-1,-1,-1,-1
2,13,4.6019,2.26,17.8237,1.95,4.21,-1,-1,-1,-1
2,14,3.7610,2.29,19.7761,1.92,4.21,-1,-1,-1,-1
2,15,3.0181,2.26,20.0093,1.86,4.12,-1,-1,-1,-1
2,16,2.3981,2.26,20.2735,1.95,4.22,-1,-1,-1,-1
2,17,2.1479,2.28,20.5485,1.98,4.26,-1,-1,-1,-1
2,18,1.8352,2.21,19.9950,1.94,4.15,-1,-1,-1,-1
2,19,1.4501,2.26,21.4157,1.98,4.23,-1,-1,-1,-1
2,20,1.0520,2.34,21.6433,2.02,4.36,-1,-1,-1,-1
2,-1,1.0520,-1,21.6433,-1,-1,24.2400,2.05,"[16, 32, 64]","[16, 8]",0.001
3,1,74.7651,2.34,65.0804,1.90,4.24,-1,-1,-1,-1,-1
3,2,59.5339,2.31,45.7179,1.87,4.17,-1,-1,-1,-1,-1
3,3,56.1620,2.29,41.3556,1.93,4.22,-1,-1,-1,-1,-1
3,4,51.9579,2.23,35.5225,1.88,4.11,-1,-1,-1,-1,-1
3,5,34.7524,2.25,30.7160,1.98,4.23,-1,-1,-1,-1,-1
3,6,28.6989,2.36,26.0340,2.01,4.38,-1,-1,-1,-1,-1
3,7,18.7647,2.24,26.5625,1.99,4.23,-1,-1,-1,-1,-1
3,8,12.4163,2.23,19.2582,1.88,4.11,-1,-1,-1,-1,-1
3,9,9.7733,2.21,17.9570,2.00,4.21,-1,-1,-1,-1,-1
3,10,7.1666,2.22,18.5012,2.06,4.28,-1,-1,-1,-1,-1
3,11,5.6461,2.37,21.6818,1.99,4.36,-1,-1,-1,-1,-1
3,12,4.6077,2.27,20.5205,2.04,4.30,-1,-1,-1,-1,-1
3,13,3.6305,2.25,19.5730,2.06,4.30,-1,-1,-1,-1,-1
3,14,3.0250,2.37,21.4783,1.92,4.29,-1,-1,-1,-1,-1
3,15,2.4207,2.22,20.6253,2.03,4.25,-1,-1,-1,-1,-1
3,16,2.9530,2.34,20.8303,1.88,4.22,-1,-1,-1,-1,-1
3,17,2.6137,2.23,21.6510,1.98,4.21,-1,-1,-1,-1,-1
3,18,1.9025,2.33,20.6567,2.03,4.36,-1,-1,-1,-1,-1
3,19,1.2505,2.43,20.8155,1.98,4.41,-1,-1,-1,-1,-1
3,20,1.0329,2.30,20.9990,1.99,4.28,-1,-1,-1,-1,-1
3,-1,1.0329,-1,20.9990,-1,-1,24.0626,2.06,"[16, 32, 64]","[32, 8]",0.008

4,1,83.5859,2.36,68.1080,1.94,4.30,-1,-1,-1,-1,-1
4,2,52.8401,2.34,46.6209,1.96,4.30,-1,-1,-1,-1,-1
4,3,43.8741,2.15,35.9859,2.06,4.21,-1,-1,-1,-1,-1
4,4,39.5899,2.38,30.2699,1.91,4.29,-1,-1,-1,-1,-1
4,5,27.5103,2.36,25.5590,1.96,4.32,-1,-1,-1,-1,-1
4,6,18.4214,2.27,19.1963,1.96,4.24,-1,-1,-1,-1,-1
4,7,12.6068,2.31,16.5866,1.98,4.28,-1,-1,-1,-1,-1
4,8,10.7939,2.27,17.8198,1.99,4.26,-1,-1,-1,-1,-1
4,9,9.5168,2.28,16.4576,1.93,4.21,-1,-1,-1,-1,-1
4,10,8.1910,2.42,16.2856,1.98,4.40,-1,-1,-1,-1,-1
4,11,7.9772,2.22,16.5905,1.98,4.21,-1,-1,-1,-1,-1
4,12,6.5744,2.34,16.1125,2.08,4.42,-1,-1,-1,-1,-1
4,13,6.1629,2.24,16.2678,1.97,4.21,-1,-1,-1,-1,-1
4,14,5.3367,2.30,21.7263,1.98,4.28,-1,-1,-1,-1,-1
4,15,4.9358,2.29,19.9108,2.08,4.37,-1,-1,-1,-1,-1
4,16,4.2280,2.23,14.9341,2.02,4.24,-1,-1,-1,-1,-1
4,17,3.7778,2.34,16.9355,1.97,4.31,-1,-1,-1,-1,-1
4,18,3.5811,2.34,15.6416,1.87,4.21,-1,-1,-1,-1,-1
4,19,3.0698,2.32,17.3495,1.95,4.26,-1,-1,-1,-1,-1
4,20,2.1848,2.35,16.6213,2.09,4.43,-1,-1,-1,-1,-1
4,-1,2.1848,-1,16.6213,-1,-1,19.2911,2.14,"[16, 32, 64]","[64, 16]",0.001
5,1,84.6723,2.27,75.2223,2.08,4.36,-1,-1,-1,-1,-1
5,2,56.1052,2.34,62.9547,1.92,4.25,-1,-1,-1,-1,-1
5,3,46.5652,2.27,40.8742,2.00,4.27,-1,-1,-1,-1,-1
5,4,32.8242,2.25,19.9096,1.91,4.16,-1,-1,-1,-1,-1
5,5,27.6430,2.34,20.9441,1.97,4.31,-1,-1,-1,-1,-1
5,6,18.7472,2.28,18.0718,2.06,4.34,-1,-1,-1,-1,-1
5,7,12.9369,2.36,14.0316,2.01,4.36,-1,-1,-1,-1,-1
5,8,10.5634,2.19,14.2191,2.01,4.20,-1,-1,-1,-1,-1
5,9,9.8498,2.30,15.0538,1.92,4.21,-1,-1,-1,-1,-1
5,10,9.3213,2.25,15.9801,1.96,4.22,-1,-1,-1,-1,-1
5,11,7.5092,2.34,14.0312,2.00,4.34,-1,-1,-1,-1,-1
5,12,5.6115,2.40,14.9396,2.02,4.42,-1,-1,-1,-1,-1
5,13,4.5312,2.27,15.4891,2.05,4.33,-1,-1,-1,-1,-1
5,14,4.0860,2.30,14.9305,1.97,4.27,-1,-1,-1,-1,-1
5,15,3.1932,2.31,15.6309,2.05,4.36,-1,-1,-1,-1,-1
5,16,2.7709,2.24,14.6854,1.96,4.20,-1,-1,-1,-1,-1
5,17,2.2199,2.27,15.3377,1.98,4.24,-1,-1,-1,-1,-1
5,18,1.7581,2.22,15.3740,1.93,4.15,-1,-1,-1,-1,-1
5,19,1.2760,2.32,16.6547,1.98,4.30,-1,-1,-1,-1,-1
5,20,1.2663,2.30,15.9929,2.06,4.36,-1,-1,-1,-1,-1
5,-1,1.2663,-1,15.9929,-1,-1,19.9240,2.00,"[16, 32, 64]","[64, 32]",0.001
6,1,74.2518,2.31,52.9533,2.10,4.41,-1,-1,-1,-1,-1
6,2,52.5002,2.38,55.5367,1.88,4.26,-1,-1,-1,-1,-1
6,3,54.5776,2.32,85.1451,1.99,4.31,-1,-1,-1,-1,-1
6,4,37.2916,2.38,24.1923,2.02,4.40,-1,-1,-1,-1,-1
6,5,17.5592,2.42,16.2573,1.95,4.37,-1,-1,-1,-1,-1
6,6,13.2455,2.29,16.3684,1.91,4.20,-1,-1,-1,-1,-1
6,7,11.9877,2.28,18.1333,1.96,4.24,-1,-1,-1,-1,-1
6,8,8.5361,2.28,16.3583,1.97,4.26,-1,-1,-1,-1,-1
6,9,7.4913,2.40,16.6654,1.95,4.34,-1,-1,-1,-1,-1
6,10,6.6208,2.36,18.4355,2.03,4.38,-1,-1,-1,-1,-1
6,11,4.9191,2.31,17.2581,1.98,4.28,-1,-1,-1,-1,-1
6,12,3.7471,2.42,17.4648,1.95,4.37,-1,-1,-1,-1,-1
6,13,2.6379,2.46,18.4661,2.14,4.60,-1,-1,-1,-1,-1
6,14,2.4702,2.76,17.4142,3.02,5.78,-1,-1,-1,-1,-1
6,15,1.9379,3.59,17.3311,2.07,5.66,-1,-1,-1,-1,-1
6,16,1.2608,2.37,18.1803,1.93,4.30,-1,-1,-1,-1,-1
6,17,1.1548,2.50,19.0112,2.06,4.56,-1,-1,-1,-1,-1
6,18,0.8425,2.46,16.6020,1.91,4.37,-1,-1,-1,-1,-1
6,19,0.6572,2.41,17.4038,2.29,4.70,-1,-1,-1,-1,-1
6,20,0.6946,2.76,18.2862,2.25,5.01,-1,-1,-1,-1,-1
6,-1,0.6946,-1,18.2862,-1,-1,22.0308,1.99,"[16, 32, 64]","[128, 64]",0.001
7,1,81.9829,2.96,56.9530,1.96,4.92,-1,-1,-1,-1,-1
7,2,45.5512,2.70,46.0208,1.95,4.65,-1,-1,-1,-1,-1
7,3,29.0194,2.72,24.3746,1.94,4.66,-1,-1,-1,-1,-1
7,4,15.8461,2.70,19.8996,2.04,4.74,-1,-1,-1,-1,-1
7,5,13.2192,2.73,17.3808,2.01,4.74,-1,-1,-1,-1,-1
7,6,10.2732,2.71,13.8544,1.92,4.63,-1,-1,-1,-1,-1
7,7,7.9231,2.69,15.6206,1.95,4.64,-1,-1,-1,-1,-1
7,8,6.9232,2.63,14.4046,1.94,4.56,-1,-1,-1,-1,-1
7,9,5.9221,2.55,15.2869,1.99,4.55,-1,-1,-1,-1,-1
7,10,6.0413,2.69,15.6568,1.99,4.68,-1,-1,-1,-1,-1
7,11,5.8776,2.67,15.7192,1.89,4.56,-1,-1,-1,-1,-1
7,12,4.2015,2.79,14.9951,2.05,4.84,-1,-1,-1,-1,-1
7,13,3.7717,2.64,16.5371,2.03,4.67,-1,-1,-1,-1,-1
7,14,2.8289,2.72,14.0447,2.06,4.77,-1,-1,-1,-1,-1
7,15,2.1637,2.59,15.1424,1.93,4.53,-1,-1,-1,-1,-1
7,16,1.6872,2.51,15.5983,2.02,4.53,-1,-1,-1,-1,-1
7,17,1.6937,2.61,17.3782,2.01,4.62,-1,-1,-1,-1,-1
7,18,1.7115,2.57,15.2613,2.01,4.58,-1,-1,-1,-1,-1
7,19,1.2193,2.86,14.8252,1.96,4.82,-1,-1,-1,-1,-1
7,20,0.8717,2.76,15.1284,2.02,4.78,-1,-1,-1,-1,-1
7,-1,0.8717,-1,15.1284,-1,-1,19.1520,2.16,"[32, 64, 128]","[128, 64]",0.001
8,1,99.4406,2.34,79.1253,1.82,4.16,-1,-1,-1,-1,-1
8,2,64.4647,2.09,63.3224,1.83,3.92,-1,-1,-1,-1,-1
8,3,56.2161,2.11,54.8897,1.86,3.97,-1,-1,-1,-1,-1
8,4,52.4237,2.15,53.2451,1.85,4.00,-1,-1,-1,-1,-1
8,5,51.0999,2.17,63.0034,1.91,4.08,-1,-1,-1,-1,-1
8,6,51.1438,2.12,50.7580,1.88,4.00,-1,-1,-1,-1,-1
8,7,47.8394,2.09,52.2896,1.89,3.98,-1,-1,-1,-1,-1
8,8,45.6162,2.13,45.7258,1.95,4.08,-1,-1,-1,-1,-1
8,9,42.7048,2.18,42.3786,1.92,4.11,-1,-1,-1,-1,-1
8,10,36.3015,2.15,40.2094,2.08,4.24,-1,-1,-1,-1,-1
8,11,33.5473,2.11,39.1726,1.95,4.05,-1,-1,-1,-1,-1
8,12,28.0435,2.07,32.2804,1.97,4.04,-1,-1,-1,-1,-1
8,13,20.8057,2.11,25.2673,1.94,4.05,-1,-1,-1,-1,-1
8,14,18.0658,2.06,23.5923,1.92,3.98,-1,-1,-1,-1,-1
8,15,15.2802,2.16,21.2376,1.95,4.11,-1,-1,-1,-1,-1
8,16,12.1619,2.11,19.4034,1.97,4.08,-1,-1,-1,-1,-1
8,17,10.8609,2.09,19.0429,1.99,4.08,-1,-1,-1,-1,-1
8,18,10.0021,2.06,17.7403,2.08,4.14,-1,-1,-1,-1,-1
8,19,9.3163,2.09,18.3008,1.97,4.06,-1,-1,-1,-1,-1
8,20,9.1527,2.15,16.8502,2.00,4.15,-1,-1,-1,-1,-1
8,-1,9.1527,-1,16.8502,-1,-1,20.5823,2.05,"[4, 8, 16]","[16, 8]",0.001
9,1,9.7239,2.22,16.4244,1.93,4.15,-1,-1,-1,-1,-1
9,2,7.7736,2.22,16.5020,1.95,4.17,-1,-1,-1,-1,-1
9,3,7.3449,2.11,15.9046,1.99,4.10,-1,-1,-1,-1,-1
9,4,6.8713,2.07,15.5009,1.90,3.97,-1,-1,-1,-1,-1
9,5,6.6681,2.10,15.5215,1.98,4.09,-1,-1,-1,-1,-1
9,6,6.0213,2.12,15.7266,1.96,4.07,-1,-1,-1,-1,-1
9,7,6.0473,2.19,16.8136,1.98,4.17,-1,-1,-1,-1,-1
9,8,5.9283,2.10,15.5040,2.05,4.15,-1,-1,-1,-1,-1
9,9,5.5327,2.17,16.3235,2.15,4.32,-1,-1,-1,-1,-1
9,10,4.8636,2.08,15.8896,1.99,4.07,-1,-1,-1,-1,-1
9,11,5.1777,2.11,16.8788,1.94,4.05,-1,-1,-1,-1,-1
9,12,5.0731,2.11,15.6619,1.95,4.05,-1,-1,-1,-1,-1
9,13,4.2115,2.07,16.0085,1.90,3.97,-1,-1,-1,-1,-1
9,14,3.7824,2.11,15.0746,1.98,4.09,-1,-1,-1,-1,-1
9,15,3.5296,2.08,16.1377,1.90,3.97,-1,-1,-1,-1,-1
9,16,3.8089,2.14,16.5192,2.02,4.16,-1,-1,-1,-1,-1
9,17,3.2803,2.09,17.4346,1.98,4.07,-1,-1,-1,-1,-1
9,18,3.3922,2.12,14.8845,2.17,4.30,-1,-1,-1,-1,-1
9,19,3.0226,2.48,16.1423,2.78,5.27,-1,-1,-1,-1,-1
9,20,3.1469,3.18,15.6118,1.97,5.15,-1,-1,-1,-1,-1
9,-1,3.1469,-1,15.6118,-1,-1,20.8759,2.04,"[4, 8, 16]","[16, 8]",0.001
10,1,12.9663,2.15,17.1864,1.96,4.11,-1,-1,-1,-1,-1
10,2,13.7086,2.11,16.6790,1.85,3.96,-1,-1,-1,-1,-1
10,3,13.2999,2.09,17.6302,1.94,4.03,-1,-1,-1,-1,-1
10,4,11.9987,2.13,17.7631,1.88,4.01,-1,-1,-1,-1,-1
10,5,12.5183,2.17,15.7451,2.01,4.18,-1,-1,-1,-1,-1
10,6,11.0253,2.18,18.9903,1.98,4.16,-1,-1,-1,-1,-1
10,7,11.5968,2.15,15.3856,1.95,4.11,-1,-1,-1,-1,-1
10,8,11.4964,2.05,18.7605,1.94,3.99,-1,-1,-1,-1,-1
10,9,9.9697,2.26,19.8547,2.01,4.27,-1,-1,-1,-1,-1
10,10,10.1334,2.14,16.5611,2.06,4.20,-1,-1,-1,-1,-1
10,11,9.4906,2.17,17.1013,1.91,4.07,-1,-1,-1,-1,-1
10,12,11.7489,2.08,15.6989,2.01,4.09,-1,-1,-1,-1,-1
10,13,9.7694,2.19,16.4248,1.93,4.12,-1,-1,-1,-1,-1
10,14,9.9500,2.17,16.0601,1.89,4.07,-1,-1,-1,-1,-1
10,15,9.4502,2.09,15.5122,2.00,4.09,-1,-1,-1,-1,-1
10,16,8.5828,2.04,16.2011,1.99,4.03,-1,-1,-1,-1,-1
10,17,9.1205,2.03,15.7811,2.03,4.06,-1,-1,-1,-1,-1
10,18,8.2217,2.09,18.2560,2.00,4.09,-1,-1,-1,-1,-1
10,19,9.9337,2.14,17.1744,1.98,4.12,-1,-1,-1,-1,-1
10,20,7.5826,2.14,15.7230,1.94,4.08,-1,-1,-1,-1,-1
10,-1,7.5826,-1,15.7230,-1,-1,21.1865,1.97,"[4, 8, 16]","[16, 8]",0.001
11,1,96.2922,2.16,70.4087,1.93,4.09,-1,-1,-1,-1,-1
11,2,77.7125,2.17,53.5548,2.03,4.20,-1,-1,-1,-1,-1
11,3,65.0607,2.15,51.0070,1.91,4.07,-1,-1,-1,-1,-1
11,4,57.4394,2.10,55.8653,1.92,4.03,-1,-1,-1,-1,-1
11,5,49.4899,2.13,42.9501,2.03,4.15,-1,-1,-1,-1,-1
11,6,52.8248,2.23,32.1925,1.92,4.15,-1,-1,-1,-1,-1
11,7,46.9622,2.12,28.5654,2.03,4.15,-1,-1,-1,-1,-1
11,8,40.4728,2.14,22.6385,1.96,4.10,-1,-1,-1,-1,-1
11,9,31.8562,2.21,20.7790,1.96,4.17,-1,-1,-1,-1,-1
11,10,31.1685,2.20,22.4411,1.93,4.13,-1,-1,-1,-1,-1
11,11,27.6707,2.18,20.6794,1.88,4.06,-1,-1,-1,-1,-1
11,12,30.8137,2.13,30.3580,2.01,4.14,-1,-1,-1,-1,-1
11,13,26.0960,2.18,19.3602,1.90,4.07,-1,-1,-1,-1,-1
11,14,23.9189,2.18,19.4470,1.97,4.15,-1,-1,-1,-1,-1
11,15,24.3701,2.27,21.2123,2.01,4.28,-1,-1,-1,-1,-1
11,16,22.0537,2.21,19.5002,1.92,4.12,-1,-1,-1,-1,-1
11,17,23.7008,2.13,23.8667,1.96,4.09,-1,-1,-1,-1,-1
11,18,21.5910,2.19,24.6528,1.96,4.15,-1,-1,-1,-1,-1
11,19,21.0645,2.24,19.2619,1.96,4.20,-1,-1,-1,-1,-1
11,20,20.6531,2.17,22.4783,1.95,4.12,-1,-1,-1,-1,-1
11,-1,20.6531,-1,22.4783,-1,-1,29.5761,2.07,"[8, 16, 32]","[32, 16]",0.001
12,1,83.0535,2.60,66.1964,1.91,4.51,-1,-1,-1,-1,-1
12,2,61.1200,2.32,65.6410,1.92,4.24,-1,-1,-1,-1,-1
12,3,51.3711,2.22,67.5096,2.05,4.27,-1,-1,-1,-1,-1
12,4,60.9635,2.39,44.5228,1.91,4.31,-1,-1,-1,-1,-1
12,5,44.7032,2.37,37.4700,1.98,4.36,-1,-1,-1,-1,-1
12,6,43.6338,2.26,37.5408,1.94,4.20,-1,-1,-1,-1,-1
12,7,30.4383,2.26,21.3041,1.94,4.20,-1,-1,-1,-1,-1
12,8,23.2100,2.29,19.9551,2.00,4.29,-1,-1,-1,-1,-1
12,9,20.3611,2.31,22.5433,1.96,4.27,-1,-1,-1,-1,-1
12,10,20.0473,2.28,19.2088,2.00,4.28,-1,-1,-1,-1,-1
12,11,17.3144,2.39,17.0866,2.02,4.41,-1,-1,-1,-1,-1
12,12,19.1847,2.28,15.4721,2.04,4.31,-1,-1,-1,-1,-1
12,13,18.1239,2.27,17.4804,1.88,4.15,-1,-1,-1,-1,-1
12,14,15.7806,2.29,17.2730,1.96,4.25,-1,-1,-1,-1,-1
12,15,14.6469,2.25,16.3692,1.97,4.22,-1,-1,-1,-1,-1
12,16,14.0310,2.34,18.0382,1.96,4.31,-1,-1,-1,-1,-1
12,17,12.9185,2.41,18.9553,1.92,4.33,-1,-1,-1,-1,-1
12,18,12.4067,2.25,17.9829,1.90,4.15,-1,-1,-1,-1,-1
12,19,13.9018,2.29,17.8841,1.84,4.13,-1,-1,-1,-1,-1
12,20,11.9343,2.27,18.4020,1.93,4.20,-1,-1,-1,-1,-1
12,-1,11.9343,-1,18.4020,-1,-1,17.7326,2.09,"[16, 32, 64]","[64, 16]",0.001
13,1,14.9871,2.31,18.2525,1.95,4.27,-1,-1,-1,-1,-1
13,2,11.5177,2.30,18.2551,1.93,4.23,-1,-1,-1,-1,-1
13,3,10.8390,2.32,17.1728,1.97,4.29,-1,-1,-1,-1,-1
13,4,11.2420,2.28,16.8178,1.93,4.21,-1,-1,-1,-1,-1
13,5,9.1613,2.27,19.0675,2.10,4.37,-1,-1,-1,-1,-1
13,6,11.5415,2.30,18.4617,1.87,4.17,-1,-1,-1,-1,-1
13,7,9.9309,2.28,20.3830,1.93,4.21,-1,-1,-1,-1,-1
13,8,9.4244,2.35,17.8907,1.97,4.32,-1,-1,-1,-1,-1
13,9,9.0189,2.22,16.2174,2.01,4.22,-1,-1,-1,-1,-1
13,10,8.1604,2.23,17.8918,1.92,4.15,-1,-1,-1,-1,-1
13,11,8.6984,2.19,18.5935,1.87,4.06,-1,-1,-1,-1,-1
13,12,7.9678,2.39,17.8729,1.98,4.37,-1,-1,-1,-1,-1
13,13,8.5798,2.26,23.3434,1.96,4.22,-1,-1,-1,-1,-1
13,14,8.0908,2.22,23.4026,2.01,4.23,-1,-1,-1,-1,-1
13,15,7.7997,2.34,17.6207,2.45,4.79,-1,-1,-1,-1,-1
13,16,6.9667,2.96,19.3580,3.38,6.33,-1,-1,-1,-1,-1
13,17,5.9870,2.37,17.8217,1.93,4.30,-1,-1,-1,-1,-1
13,18,6.7073,2.36,21.7184,1.94,4.31,-1,-1,-1,-1,-1
13,19,7.3736,2.43,17.9534,1.90,4.33,-1,-1,-1,-1,-1
13,20,6.0736,2.32,17.6356,2.02,4.35,-1,-1,-1,-1,-1
13,-1,6.0736,-1,17.6356,-1,-1,22.9886,2.11,"[16, 32, 64]","[64, 16]",0.001
14,1,85.6030,2.56,65.8908,1.92,4.49,-1,-1,-1,-1,-1
14,2,57.2579,2.33,43.2954,2.07,4.40,-1,-1,-1,-1,-1
14,3,40.5038,2.28,32.8492,2.02,4.30,-1,-1,-1,-1,-1
14,4,31.3845,2.30,22.8902,1.89,4.18,-1,-1,-1,-1,-1
14,5,23.7494,2.22,18.0313,1.99,4.21,-1,-1,-1,-1,-1
14,6,28.7209,2.31,21.2108,1.99,4.30,-1,-1,-1,-1,-1
14,7,18.8754,2.24,20.9317,1.95,4.19,-1,-1,-1,-1,-1
14,8,18.7533,2.29,16.3879,1.93,4.22,-1,-1,-1,-1,-1
14,9,18.8866,2.28,18.4415,1.97,4.25,-1,-1,-1,-1,-1
14,10,15.6399,2.29,25.7368,1.97,4.26,-1,-1,-1,-1,-1
14,11,17.6942,2.25,15.7326,1.94,4.19,-1,-1,-1,-1,-1
14,12,15.1068,2.30,16.5104,2.00,4.31,-1,-1,-1,-1,-1
14,13,14.5027,2.21,19.8899,1.96,4.16,-1,-1,-1,-1,-1
14,14,10.7307,2.23,16.5400,1.88,4.11,-1,-1,-1,-1,-1
14,15,12.4211,2.33,30.3905,1.93,4.25,-1,-1,-1,-1,-1
14,16,11.5939,2.21,17.3063,1.97,4.18,-1,-1,-1,-1,-1
14,17,9.3903,2.25,19.4278,1.97,4.22,-1,-1,-1,-1,-1
14,18,8.8775,2.39,17.9471,1.90,4.29,-1,-1,-1,-1,-1
14,19,8.0499,2.28,28.4035,1.95,4.23,-1,-1,-1,-1,-1
14,20,9.8518,2.31,19.1463,1.99,4.30,-1,-1,-1,-1,-1
14,21,7.9969,2.22,20.8412,1.95,4.17,-1,-1,-1,-1,-1
14,22,6.8728,2.28,28.8641,1.99,4.27,-1,-1,-1,-1,-1
14,23,7.6904,2.33,27.9099,1.95,4.28,-1,-1,-1,-1,-1
14,24,7.4047,2.31,30.2802,2.19,4.50,-1,-1,-1,-1,-1
14,25,7.1096,2.83,20.4908,3.37,6.21,-1,-1,-1,-1,-1
14,26,6.9793,2.42,21.6692,1.96,4.38,-1,-1,-1,-1,-1
14,27,7.2980,2.34,22.8415,1.98,4.32,-1,-1,-1,-1,-1
14,28,5.7456,2.31,20.6546,1.95,4.26,-1,-1,-1,-1,-1
14,29,5.8801,2.19,24.6294,1.96,4.14,-1,-1,-1,-1,-1
14,30,5.9129,2.32,19.7719,1.96,4.28,-1,-1,-1,-1,-1
14,-1,5.9129,-1,19.7719,-1,-1,28.4646,2.07,"[16, 32, 64]","[32, 8]",0.002
15,1,99.6552,2.27,75.5134,1.99,4.27,-1,-1,-1,-1,-1
15,2,67.5874,2.12,58.9112,2.05,4.16,-1,-1,-1,-1,-1
15,3,66.3181,2.28,56.2429,2.06,4.35,-1,-1,-1,-1,-1
15,4,61.6784,2.28,57.4524,2.07,4.35,-1,-1,-1,-1,-1
15,5,64.5208,2.14,57.1805,2.00,4.14,-1,-1,-1,-1,-1
15,6,69.2783,2.17,50.8444,2.02,4.20,-1,-1,-1,-1,-1
15,7,55.0540,2.17,51.3584,2.01,4.18,-1,-1,-1,-1,-1
15,8,59.2021,2.18,64.2601,1.98,4.15,-1,-1,-1,-1,-1
15,9,58.0314,2.21,65.1657,1.96,4.18,-1,-1,-1,-1,-1
15,10,58.0235,2.28,61.0522,2.05,4.32,-1,-1,-1,-1,-1
15,11,52.9647,2.15,52.6952,1.93,4.08,-1,-1,-1,-1,-1
15,12,50.1718,2.14,43.7209,1.97,4.11,-1,-1,-1,-1,-1
15,13,43.4140,2.12,40.8009,1.95,4.07,-1,-1,-1,-1,-1
15,14,45.0808,2.12,48.2053,2.05,4.17,-1,-1,-1,-1,-1
15,15,39.3904,2.21,41.4009,1.94,4.15,-1,-1,-1,-1,-1
15,16,40.2701,2.15,34.1261,1.96,4.11,-1,-1,-1,-1,-1
15,17,36.5229,2.17,38.3805,2.02,4.20,-1,-1,-1,-1,-1
15,18,37.9385,2.14,29.4707,2.01,4.15,-1,-1,-1,-1,-1
15,19,33.1125,2.18,31.8832,2.15,4.32,-1,-1,-1,-1,-1
15,20,31.5439,2.43,32.7958,2.08,4.52,-1,-1,-1,-1,-1
15,21,29.8971,2.11,29.5930,2.06,4.18,-1,-1,-1,-1,-1
15,22,29.2370,2.17,28.1908,2.15,4.32,-1,-1,-1,-1,-1
15,23,29.4293,2.26,28.7540,2.05,4.31,-1,-1,-1,-1,-1
15,24,28.4208,2.53,33.0863,3.08,5.61,-1,-1,-1,-1,-1
15,25,27.5390,2.73,31.9213,1.94,4.67,-1,-1,-1,-1,-1
15,26,25.1170,2.13,26.9845,1.98,4.10,-1,-1,-1,-1,-1
15,27,27.2755,2.23,35.6573,1.99,4.21,-1,-1,-1,-1,-1
15,28,25.3134,2.28,25.8908,2.32,4.60,-1,-1,-1,-1,-1
15,29,27.5769,2.48,32.9993,2.12,4.60,-1,-1,-1,-1,-1
15,30,24.4801,2.12,28.4533,2.10,4.23,-1,-1,-1,-1,-1
15,-1,24.4801,-1,28.4533,-1,-1,36.2977,2.05,"[4, 8, 16]","[32, 8]",0.0008
16,1,26.1658,2.11,29.1831,1.94,4.06,-1,-1,-1,-1,-1
16,2,24.8420,2.09,32.6252,1.97,4.06,-1,-1,-1,-1,-1
16,3,26.2253,2.09,27.9388,1.98,4.07,-1,-1,-1,-1,-1
16,4,23.5779,2.05,24.0220,1.91,3.96,-1,-1,-1,-1,-1
16,5,25.8592,2.10,34.5961,1.97,4.07,-1,-1,-1,-1,-1
16,6,22.8379,2.04,29.4512,1.89,3.93,-1,-1,-1,-1,-1
16,7,24.0217,2.11,31.3815,1.96,4.06,-1,-1,-1,-1,-1
16,8,20.1633,2.15,30.4470,1.98,4.13,-1,-1,-1,-1,-1
16,9,21.6876,2.15,33.3596,1.97,4.13,-1,-1,-1,-1,-1
16,10,24.0095,2.05,36.8731,1.89,3.94,-1,-1,-1,-1,-1
16,11,22.3722,2.16,28.1485,1.92,4.08,-1,-1,-1,-1,-1
16,12,19.2386,2.07,36.9006,2.07,4.14,-1,-1,-1,-1,-1
16,13,19.9209,2.08,40.1995,1.91,3.98,-1,-1,-1,-1,-1
16,14,23.7001,2.05,26.4395,1.91,3.96,-1,-1,-1,-1,-1
16,15,21.0216,2.13,35.0555,2.00,4.13,-1,-1,-1,-1,-1
16,16,19.3790,2.11,33.5040,1.95,4.06,-1,-1,-1,-1,-1
16,17,19.4788,2.11,33.9158,2.04,4.15,-1,-1,-1,-1,-1
16,18,19.5268,2.13,33.1099,1.93,4.06,-1,-1,-1,-1,-1
16,19,19.6558,2.02,35.0221,2.03,4.05,-1,-1,-1,-1,-1
16,20,20.3601,2.13,42.2909,1.95,4.07,-1,-1,-1,-1,-1
16,21,20.2287,2.17,35.9630,2.27,4.44,-1,-1,-1,-1,-1
16,22,18.1832,2.75,33.1124,2.95,5.70,-1,-1,-1,-1,-1
16,23,17.1957,2.16,36.1225,2.06,4.22,-1,-1,-1,-1,-1
16,24,17.1726,2.17,33.6428,2.02,4.19,-1,-1,-1,-1,-1
16,25,17.0720,2.11,35.6919,1.97,4.08,-1,-1,-1,-1,-1
16,26,18.1562,2.12,30.3686,1.89,4.00,-1,-1,-1,-1,-1
16,27,17.6881,2.17,39.5444,2.01,4.18,-1,-1,-1,-1,-1
16,28,16.1152,2.21,29.4520,2.00,4.21,-1,-1,-1,-1,-1
16,29,16.4620,2.21,29.6067,2.10,4.31,-1,-1,-1,-1,-1
16,30,15.7078,2.43,36.7139,2.09,4.52,-1,-1,-1,-1,-1
16,-1,15.7078,-1,36.7139,-1,-1,43.7950,2.01,"[4, 8, 16]","[32, 8]",0.0008
17,1,91.5537,2.13,64.4609,1.98,4.11,-1,-1,-1,-1,-1
17,2,66.5119,1.90,49.7639,1.78,3.68,-1,-1,-1,-1,-1
17,3,64.3602,1.96,58.2672,1.90,3.87,-1,-1,-1,-1,-1
17,4,62.1824,1.99,42.6994,1.79,3.79,-1,-1,-1,-1,-1
17,5,53.3563,2.10,39.7371,1.92,4.02,-1,-1,-1,-1,-1
17,6,49.8642,2.06,46.9295,1.87,3.93,-1,-1,-1,-1,-1
17,7,49.7761,1.99,59.1807,1.89,3.87,-1,-1,-1,-1,-1
17,8,45.2300,1.96,35.2596,1.81,3.77,-1,-1,-1,-1,-1
17,9,40.9296,1.96,33.9560,1.86,3.81,-1,-1,-1,-1,-1
17,10,36.4338,1.98,25.0466,1.87,3.84,-1,-1,-1,-1,-1
17,11,33.5496,2.00,26.4487,1.86,3.86,-1,-1,-1,-1,-1
17,12,29.8177,1.97,20.8219,1.87,3.84,-1,-1,-1,-1,-1
17,13,29.3428,1.96,21.7636,1.90,3.86,-1,-1,-1,-1,-1
17,14,27.8016,1.97,27.2001,1.84,3.82,-1,-1,-1,-1,-1
17,15,27.6128,2.05,17.7442,1.89,3.93,-1,-1,-1,-1,-1
17,16,27.7784,2.06,29.3805,1.89,3.95,-1,-1,-1,-1,-1
17,17,29.0001,2.02,18.9382,1.86,3.88,-1,-1,-1,-1,-1
17,18,26.9876,1.98,18.0627,1.85,3.83,-1,-1,-1,-1,-1
17,19,26.0122,2.00,20.0252,1.87,3.86,-1,-1,-1,-1,-1
17,20,24.5536,2.01,17.9566,1.92,3.93,-1,-1,-1,-1,-1
17,21,24.2993,1.99,20.2828,1.87,3.85,-1,-1,-1,-1,-1
17,22,23.6803,2.01,20.5934,1.88,3.88,-1,-1,-1,-1,-1
17,23,22.3244,2.02,19.2821,1.83,3.85,-1,-1,-1,-1,-1
17,24,23.4544,1.99,24.3251,1.86,3.85,-1,-1,-1,-1,-1
17,25,20.8134,1.96,18.8218,1.90,3.86,-1,-1,-1,-1,-1
17,26,22.0864,2.05,24.3024,1.85,3.90,-1,-1,-1,-1,-1
17,27,20.6048,1.93,20.0923,1.87,3.79,-1,-1,-1,-1,-1
17,28,22.4071,1.97,23.0929,1.84,3.81,-1,-1,-1,-1,-1
17,29,21.8903,2.01,20.8848,1.86,3.87,-1,-1,-1,-1,-1
17,30,20.3874,1.98,22.2578,1.86,3.85,-1,-1,-1,-1,-1
17,-1,20.3874,-1,22.2578,-1,-1,27.7363,1.87,"[4, 8, 16]","[32, 8]",0.0008
